Company,Location,Segment,ReasonToTarget
"Arise Health","Houston, TX","Behavioral health / care delivery","Founder-led style healthcare growth company with a clear patient-outcome story and likely need for sharper outbound."
"Care Nexus","Murfreesboro, TN","Care operations / patient journey platform","Smaller care platform with a practical B2B healthcare motion that could benefit from targeted executive outreach."
"Centro Health Solutions","White House, TN","AI care coordination","AI-positioned healthcare company in a growth stage where leadership access is more realistic."
"DYNTL","Nashville, TN","Dental care platform","Tech-enabled care model with a differentiated offering and likely need to build awareness with partners or buyers."
"Healcovery","Fort Worth, TX","Behavioral wellness AI","Emerging AI health company that fits a modern outbound narrative better than large incumbents."
"Health Concierge Inc.","San Francisco, CA","Healthcare navigation","Smaller navigation platform in a crowded market where personalized outreach could stand out."
"Patientory","Atlanta, GA","Health data / chronic disease insights","Health data platform with a clear story and likely need for better executive-level business development."
"Pluto Health","Durham, NC","Care coordination / health data","Growth-oriented healthcare company in a segment where thoughtful outreach can open doors."
"Send-It Healthcare","Nolensville, TN","Physician marketplace","Niche B2B healthcare marketplace with a likely need for targeted partner and customer development."
"Allswell","San Francisco, CA","Mental health","Smaller digital health company in a relationship-driven category where founder-accessible outreach may work."
"BeneKinetic","Rockville, MD","Virtual physical therapy","Care delivery solution with employer/provider relevance and a reachable early-stage profile."
"CIPRA.ai","San Diego, CA","Chronic care AI","AI-powered health company with a commercialization story that aligns well with Connect-style outreach."
"StatPoint Medical","Washington, DC","Hospital-at-home","Hospital-at-home is a strategic category where smaller innovators often need better targeted meetings."
"Unephra","San Jose, CA","Remote monitoring","Clinical monitoring company with a focused use case and realistic leadership accessibility."
"Valene Health","New York, NY","Clinical workflow AI","Workflow automation company that likely needs strong executive introductions more than broad mass marketing."
"PatientX","Cape Coral, FL","Patient access / navigation","Smaller healthtech company with a straightforward market story and likely outbound need."
"Otomo Health","Boston, MA","Digital health","Emerging health company from an accelerator-style source that fits a realistic first-wave target profile."
"Nurtur","Boston, MA","Digital health","Smaller healthcare growth company where executive access is more plausible than at enterprise vendors."
"Goldfinch Health","Austin, TX","Recovery / behavioral health","Compelling niche health solution with partnership and employer/provider outreach potential."
"ExactRX","Nashville, TN","AI pharmacy / medication workflow","AI-enabled pharmacy workflow company that fits the AI-BDR relevance you described."
"Endless Health","Austin, TX","Cardiometabolic health","Smaller healthcare growth company in a highly active category where targeted outreach matters."
"Architect Health","East Windsor, NJ","Health platform","Emerging platform company that looks more reachable than larger health IT players."
"PrecisionHealth TPA","Frisco, TX","Healthcare operations","Smaller healthcare operations business with a practical B2B sales motion."
"Vaccinity","Fort Worth, TX","Patient EHR / trial matching","Interesting crossover between patient data and research that could benefit from executive-led outreach."
"Hera","New York, NY","Fertility / at-home testing","Women’s health startup with a focused value proposition and likely need for relationship-based growth."
"Pario Health","New York, NY","Women’s health EMR","Vertical platform for women’s health providers with a niche buyer set suited to targeted outreach."
"The Morning Sickness Clinic","Birmingham, AL","Women’s health specialty care","Specialty care company with a differentiated model and likely founder-accessible leadership."
"MetaPause","Miami, FL","Women’s health","Smaller women’s health brand in a growing market where thoughtful outreach may outperform generic prospecting."
"HarmonIQ Biosciences","Austin, TX","Hormone monitoring","Innovative hormone-monitoring company with commercialization potential and realistic targetability."
"Teal Health","San Francisco, CA","Women’s health diagnostics","Diagnostics-oriented women’s health company in a category where strategic outreach can matter."
"RenewRX","Denver, CO","Women’s health digital therapeutics","Niche digital therapeutics company with a clear buyer story and reasonable executive reach."
"Lady Technologies","San Francisco, CA","Women’s health device","Consumer-clinical women’s health crossover company that may benefit from warm strategic outreach."
"Starling Medical","Houston, TX","Urology / pelvic health medtech","Focused medtech company in a specialty category where outreach can be highly targeted."
"Palmplug","Seattle, WA","Rehab wearable","Early-stage medtech company with a specific use case and likely need for business development support."
"Nspire","Chicago, IL","Neonatal medtech","Smaller device company in a specialized clinical category where strategic outreach is valuable."
"Major Medical","New York, NY","Vascular medtech","Innovative medtech company that is more realistic than major enterprise device manufacturers."
"Madison Scientific","Chicago, IL","Neurosurgical implant","Specialty medtech firm with a strong innovation story and probable commercialization need."
"Crimson Scientific","Cambridge, MA","Cardiac monitoring","Emerging cardiac monitoring company with a focused buyer profile."
"Articulate Labs","Dallas, TX","Joint rehab wearable","Wearable medtech company with a clear story and strong fit for targeted outbound."
"CurieDx","Baltimore, MD","Diagnostics","Diagnostics startup with a concise value proposition and practical early-stage profile."
"NearWave","Austin, TX","Cancer imaging","Clinical imaging company in a category where executive introductions may be impactful."
"Pollen Sense","Salt Lake City, UT","Health sensing / diagnostics","Deep-tech company with healthcare relevance and likely need for awareness-building outreach."
"PowerPercept","Dallas, TX","Rehab / smart wearables","Smaller health technology company with a focused product and reachable leadership."
"VQ Biomedical","Apex, NC","Respiratory medtech","Specialized medtech innovator with a strong clinical story and early-stage accessibility."
"Toro Neurovascular","Irvine, CA","Neurovascular device","Focused medtech company with a clear hospital-facing use case."
"SummaCor","San Diego, CA","Cardiovascular device","Smaller cardiovascular innovator that is more realistic than pursuing top-tier enterprise device makers."
"Powerful Medical","New York, NY","Cardiology AI / medtech","AI-enabled cardiovascular company with a modern commercialization angle."
"Peerbridge Health","Brentwood, TN","Cardiac monitoring","Monitoring-focused health company with a narrow enough market for targeted executive outreach."
"Octin Health","Minneapolis, MN","Cardiovascular medtech","Specialized medtech firm with credible innovation and reachable leadership."
"Narwhal Medical","Minneapolis, MN","Cardiovascular medtech","Another smaller cardiovascular innovator that fits a practical first-wave target profile."
"IntelVasc","San Francisco, CA","Vascular medtech","Focused vascular company that looks more attainable than established category leaders."
"Emboa Medical","West Lafayette, IN","Interventional medtech","Early-stage interventional company where founder or senior leader outreach may land."
"CircuCare","San Diego, CA","Cardiovascular medtech","Specialized company in a clinically meaningful niche where targeted outreach can resonate."
"Conform Medical","San Francisco, CA","Cardiovascular medtech","Smaller medtech firm with a clear innovation story and non-enterprise size profile."
"Armor Medical","Atlanta, GA","Acute care / cardiovascular medtech","Growth-stage medtech company with a strong pitchable problem/solution narrative."
"Adaptyx Biosciences","Menlo Park, CA","Biosensing / medtech","Innovative bioscience-medtech crossover company with commercialization upside."
"Wavelet","New Haven, CT","Diagnostics / monitoring","Emerging diagnostics company with a specific clinical use case and likely outbound need."
"SynchNeuro","Philadelphia, PA","Neuro diagnostics","Specialized neuro company with focused buyers and realistic leadership access."
"Sonorous Neurovascular","Lake Forest, CA","Neurovascular diagnostics","Medtech innovator in a high-value specialty category where targeted outreach fits."
"Rivanna Medical","Charlottesville, VA","Imaging / procedure guidance","Procedure-guidance company with a clear product story and reasonable first-pass fit."
"Luminoah","Charlottesville, VA","Clinical monitoring","Focused monitoring company that looks like a practical target for high-touch outreach."
"Lumia Health","Boston, MA","Diagnostics / monitoring","Smaller diagnostics company with a commercialization profile that suits outbound support."
"Genalyte","San Diego, CA","Diagnostics","Diagnostics player with a defined market and a stronger fit than giant lab incumbents."
"EpiWatch","Baltimore, MD","Seizure monitoring","Specialty monitoring company with a focused clinical market."
"Crely Healthcare","Oxnard, CA","Healthcare AI / monitoring","Smaller AI-health company with a modern story and likely need for sharper GTM execution."
"Veravas","Austin, TX","Neuro diagnostics","Neuro diagnostics is a strong niche for precise executive outreach rather than broad sales motions."
"Sinaptica Therapeutics","Cambridge, MA","Neurotherapeutics","Promising neuro company in a category where relationship-based outreach can be valuable."
"Samphire Neuroscience","San Francisco, CA","Neurotech","Smaller neurotech company with a distinctive positioning and likely growth-stage needs."
"Reach Neuro","Bristol, RI","Neuro rehab / monitoring","Focused neuro company with a narrower buyer set and plausible leadership accessibility."
"Tempo Therapeutics","San Diego, CA","Regenerative medicine","Innovative regenerative company that may benefit from more targeted commercialization outreach."
"ReGelTec","Baltimore, MD","Spine / regenerative medtech","Clinical innovation company with a clear specialty use case and reachable profile."
"inSoma Bio","Durham, NC","Regenerative medicine","Smaller biotech-adjacent innovator that fits the startup and founder-accessible pattern."
"GelSana Therapeutics","Aurora, CO","Wound care therapeutics","Wound care innovator with a focused value proposition and likely BD need."
"BRIJ Medical","Marietta, GA","Wound care medtech","Emerging wound care medtech company that suits Connect’s targeted approach."
"Altrazeal Life Sciences","Addison, TX","Wound care / life sciences","Healthcare-adjacent growth company with a clear commercialization story."
"Winter Innovations","Knoxville, TN","Surgical devices","Surgical innovation company that appears more attainable than major surgical incumbents."
"SutureTech","Durham, NC","Surgical devices","Smaller surgical technology company with a focused and pitchable value proposition."
"RadioClash","Houston, TX","Surgical / imaging tech","Highly specialized innovation where tailored outreach could be more effective than volume outreach."
"Magsorbeo Biomedical","Detroit, MI","Surgical medtech","Emerging biomedical company with a realistic target profile for first-wave outreach."
"Magnendo","Newton, MA","Orthopedic / surgical devices","Specialized device company with a narrow clinical market and reachable leadership."
"HAPPE Spine","Grand Rapids, MI","Spine / orthopedic devices","Orthopedic startup with a straightforward specialty-market story."
"CytexOrtho","Durham, NC","Orthopedic medtech","Smaller orthopedic company that fits the startup/growth-stage criteria."
"Axia Orthopedics","Portland, OR","Orthopedic devices","Focused orthopedic innovator with a clearer fit than enterprise-scale device companies."
"Aesclepius Corporation","San Diego, CA","Surgical medtech","Specialized surgical innovator likely to value warm executive outreach."
"Multiphze","Glendale, CA","Urology / femtech device","Niche women’s health and urology device company with a practical first-wave fit."
"Electronic Lab Logs","Wilmington, NC","Lab workflow / compliance","Lab operations software company with an identifiable operational buyer and clear pain point."
"EXO Technologies","Chapel Hill, NC","Women’s health / life sciences AI","Smaller life sciences AI company with a differentiable story and likely GTM need."
"TOBY","New York, NY / Boston, MA","Cancer diagnostics","Early-stage diagnostics company with a sharp story and strong first-pass fit."
"Paterna Biosciences","Salt Lake City, UT","Biosciences","Smaller bioscience company with enough specificity to support targeted outreach."
"Asante Bio","Tampa, FL","Biotech","Emerging biotech company where leadership may still be accessible."
"Sequest Bio","Boston, MA","Oncology predictive models","Specialized oncology-focused company with a strong innovation story and likely commercialization need."
"Vie Science","U.S.-based","Fertility / prevention-focused health","Smaller startup with a modern women’s health angle and likely early-stage GTM needs."
"TheraVista","U.S.-based","Vestibular rehab / AI","Focused AI-health company with a practical buyer set and a realistic target profile."
"Elarin Health","U.S.-based","Predictive care insights","Predictive clinical insights company with a clear use case and likely need for targeted outreach."
"BobiHealth","U.S.-based","Maternal health / AI","Mission-driven maternal health startup with a distinctive story and strong fit for personalized outreach."
"Attune Media Labs","U.S.-based","Mental wellness AI","AI-enabled wellness startup that likely needs sharper executive-level GTM support."
"Antelope Surgical Solutions","U.S.-based","Cancer detection / surgical biotech","Clinical-stage surgical biotech with a clear story and focused market."
"Arcascope","U.S.-based","Biotech / clinical timing science","Differentiated biotech company with a novel angle and likely need for strategic awareness-building."
"Caleo Biotechnologies","U.S.-based","Disease modeling / biotech","Emerging biotech platform company with commercialization potential."
"Trialynx","U.S.-based","Clinical trial documentation AI","Clinical research workflow company with strong AI relevance for your outreach thesis."
"The Proficient Lab","U.S.-based","Lab compliance platform","Operational lab platform with a specific business pain point and approachable target profile."
