"PriorityBand","Company","Location","Segment","ReasonToTarget"
"1","Corval","U.S.-based","Biopharma commercialization software","Built specifically around biopharma commercialization planning and launch readiness."
"1","Propel Biosciences","U.S.-based","Biotech commercialization services","Commercial acceleration partner for biotech firms, strongly aligned to your thesis."
"1","BioLaunch Solutions","U.S.-based","Biopharma launch strategy","Biopharma-focused launch and commercialization firm with practical GTM relevance."
"1","Sweetgrass Bio","U.S.-based","Advanced therapies commercialization","Smaller commercialization advisory firm focused on advanced therapies and CDMOs."
"1","Seaway Access Consulting","U.S.-based","Market access consulting","Boutique access firm geared toward small and mid-sized biotech launches."
"1","JM DREW","U.S.-based","Patient support / market access","Specialty and rare-disease access strategy is highly pharma relevant."
"1","MedAccess Consulting","U.S.-based","Reimbursement / patient services","Directly relevant to pre-launch and launch support for emerging biopharma."
"1","VantEdge Access","U.S.-based","Market access intelligence","Biopharma access advisory firm with a focused specialty and payer story."
"1","Magnolia Market Access","U.S.-based","HEOR / market access","Boutique market access and HEOR support for life-sciences clients."
"1","Script Access","U.S.-based","Patient access strategy","Clear patient-support and reimbursement angle for pharma commercialization."
"1","Phluence","U.S.-based","Patient support platform","Strong fit because it sits between pharma commercialization and patient access."
"1","SageTree Collective","U.S.-based","Commercialization consulting","Boutique commercialization firm serving emerging and complex biopharma launches."
"1","RxC International","U.S.-based","Biopharma strategy consulting","Science-to-commercial strategy firm relevant to smaller biopharma companies."
"1","Spinnaker Life Sciences","U.S.-based","Life sciences strategy consulting","Strategy and partnership consulting with direct biopharma relevance."
"1","Endpoint Partners","U.S.-based","U.S. market entry / launch consulting","Useful fit for emerging biopharma firms entering or scaling in the U.S."
"1","Effector Life Science","U.S.-based","Commercialization consulting","End-to-end commercialization support for biopharma teams."
"1","ElevEx BioGroup","U.S.-based","Emerging biopharma strategy","Built specifically around emerging and pre-commercial biopharma execution."
"1","TrialSpark","U.S.-based","Clinical trial operations","Tech-enabled clinical trial company with a clear biopharma-facing sales motion."
"1","Reify Health","U.S.-based","Clinical trial software","Strong fit for pharma outreach because it sells directly into trial operations and research teams."
"1","Florence Healthcare","U.S.-based","Site-sponsor research workflow","Clear biopharma and clinical research workflow fit."
"1","Medable","U.S.-based","Decentralized clinical trials","Well-known but still platform-led trial company that fits pharma workflow targeting."
"1","PhaseV","U.S.-based","AI clinical development","AI-guided clinical development company with strong pharma adjacency."
"1","Curebase","U.S.-based","Decentralized clinical research","Trial-enablement company with a strong sponsor-facing use case."
"1","SubjectWell","U.S.-based","Patient recruitment","Recruitment pain is universal in pharma trials, making this a strong fit."
"1","Faro Health","U.S.-based","Protocol design / trial planning","Specialized trial planning company with a compelling ROI-led story."
"1","Lokavant","U.S.-based","Trial analytics / risk alerts","Life-sciences analytics company with direct pharma commercial relevance."
"1","Vial","U.S.-based","Tech-enabled CRO","CRO-like model with startup energy and a practical pharma GTM story."
"1","4G Clinical","U.S.-based","Trial supply / RTSM","Specialized clinical trial infrastructure company with pharma-specific buyers."
"1","Unlearn.AI","U.S.-based","AI clinical trials","AI-driven trial optimization is highly on-theme for a pharma-focused second pass."
"1","TrialJectory","U.S.-based","Oncology trial matching","Oncology trial matching is a strong pharma-adjacent use case."
"1","Triomics","U.S.-based","AI oncology trial operations","Strong oncology and trial-enrollment angle for pharma outreach."
"1","Jeeva Informatics","U.S.-based","Decentralized trial software","Investigator and patient workflow software for clinical trials."
"1","CRIO","U.S.-based","Clinical research software","Operational research platform with direct site and sponsor utility."
"1","Paradigm Health","U.S.-based","Clinical trial platform","Patient recruitment and trial execution remain highly relevant pain points for pharma buyers."
"2","Science 37","U.S.-based","Virtual trials","Virtual trial specialist with a crisp biopharma value proposition."
"2","Elligo Health Research","U.S.-based","Clinical research services","Physician-network and patient-enrollment model makes it squarely pharma relevant."
"2","Teckro","U.S.-based","Clinical research collaboration","Research workflow platform with direct life-sciences relevance."
"2","THREAD","U.S.-based","Clinical trial platform","Direct fit for sponsors and CROs running modern trials."
"2","Topography Health","U.S.-based","Clinical research enablement","Emerging trial-enablement player with a clear pharma buyer."
"2","VivoSense","U.S.-based","Wearables for clinical research","Specialized research measurement company with clinical development relevance."
"2","Hawthorne Effect","U.S.-based","Trial visit management","Focused trial operations company with a narrow but valuable pharma use case."
"2","Mural Health","U.S.-based","Clinical trial participation technology","Trial participation and retention are strong pharma outreach topics."
"2","Power","U.S.-based","Clinical trial recruitment","Recruitment-focused company with a simple, sponsor-relevant message."
"2","ProofPilot","U.S.-based","Research operations platform","Research workflow company that aligns with pharma and evidence-generation needs."
"2","ClinOne","U.S.-based","Clinical trial management","Trial management software with direct pharma and sponsor relevance."
"2","Cohort","U.S.-based","Clinical trials / chronic care","Trial and patient-management crossover company with research relevance."
"2","Brooklyn Health","U.S.-based","Digital measurement / research","Measurement and research platform relevant to pharma evidence programs."
"2","Trial Library","U.S.-based","Oncology trial recruitment","Clear pharma use case around patient recruitment and enrollment."
"2","Alleviate Health","U.S.-based","AI trial recruitment","AI-enabled recruiting is a strong fit for pharma-focused outbound."
"2","AiCure","U.S.-based","Medication adherence / trial AI","Relevant to clinical development, adherence, and decentralized trial models."
"2","OneMedNet","U.S.-based","Real-world data","RWD platform with growing life-sciences commercial relevance."
"2","Frekil","U.S.-based","Real-world evidence automation","RWE automation company that is directly relevant to pharma evidence generation."
"2","PurpleLab","U.S.-based","Life sciences data / analytics","Trusted life-sciences analytics platform with clear commercial and medical-affairs use cases."
"2","Ephicacy","U.S.-based","Real-world evidence analytics","RWE and analytics services company that fits pharma data and HEOR needs."
"2","Aitia","U.S.-based","Causal AI for biopharma","AI-driven life-sciences analytics company with strong pharma relevance."
"2","ActiVie Research","U.S.-based","Fractional CRO","Smaller research partner explicitly suited to early-stage health and biotech teams."
"2","Karuna Integrated Clinical Services","U.S.-based","Niche CRO","Built for smaller biopharma companies, which aligns well with your target preference."
"2","Allucent","U.S.-based","CRO / clinical development","Mid-sized CRO with strong biotech orientation rather than giant-enterprise feel."
"2","Peachtree BioResearch Solutions","U.S.-based","CRO / trial operations","Service-oriented research company suited to small and mid-size sponsors."
"2","Biorasi","U.S.-based","CRO","Biopharma-focused CRO with a strong operational trial story."
"2","MMS Holdings","U.S.-based","Biotech services / regulatory / data","Functional-services firm with strong biopharma workflow relevance."
"2","Alcanza Clinical Research","U.S.-based","Clinical research site network","Research-site network model that is highly relevant to sponsor and CRO outreach."
"3","First Ascent Biomedical","U.S.-based","Oncology precision medicine","Oncology-focused company with a biopharma-friendly story and smaller-company profile."
"3","TMAB Therapeutics","Houston, TX","Biotech / immuno-oncology","Emerging therapeutics company with a focused oncology story and reachable leadership."
"3","State 4 Therapeutics","New Haven, CT","Biotech / metabolic disease","Smaller therapeutic company in an active biopharma category."
"3","Paralog Therapeutic","Watertown, MA","Precision oncology biotech","Precision-medicine angle makes it highly relevant for pharma outreach."
"3","Interactome Biotherapeutics","Grand Rapids, MI","Biotherapeutics platform","Platform biotech with a differentiated science story and likely partnering needs."
"3","Centron Bio","Cambridge, MA","Genetic medicines","CNS genetic medicines company with a strong biotech commercialization angle."
"3","Augment Biologics","Cambridge, MA","TechBio / biologics","Biologics-focused techbio company with direct pharma platform relevance."
"3","InFocus Therapeutics","Boston, MA","TechBio therapeutics","Broad therapeutic platform company with AI and discovery positioning."
"3","Luminaria","Boston, MA","Oncology / immuno-oncology","Strong oncology and immuno-oncology fit without being a giant incumbent."
"3","Reflector Bio","New York, NY","Cell and gene therapy","Cell and gene therapy platform with a modern techbio story."
"3","Altera Therapeutics","New Haven, CT","Biologics","Smaller biologics company with a focused therapeutic development motion."
"3","Aquilus Pharmaceuticals","Winchester, MA","Neuroscience biotech","Neuroscience-focused biotech with a practical small-to-mid-sized profile."
"3","Neurodexis11 Therapeutics","Boston, MA","Neuroscience biotech","Targetable biotech with a clear disease-area focus."
"3","NeuroHope Therapeutics","Greenville, SC","Neuroscience biotech","Emerging neuroscience company that looks more reachable than large CNS players."
"3","Noara Therapeutics","Cambridge, MA","Biotech / biologics","Early-stage biologics company with likely need for strategic awareness-building."
"3","Parabilis Medicines","U.S.-based","Drug discovery / peptide platform","Still growth-stage enough to be interesting, but much more pharma-centric than the first list."
"3","Chai Discovery","U.S.-based","AI drug discovery","AI-native drug discovery company with a sharp, current story."
"3","Odyssey Therapeutics","U.S.-based","Computational immunology","Immunology-focused platform company with strong biotech relevance."
"3","Generate Biomedicines","U.S.-based","Generative biology","Platform biotech with a modern AI-biology commercialization narrative."
"3","Maze Therapeutics","U.S.-based","Genetics-driven drug discovery","Translational genetics company with a credible mid-stage biotech profile."
"3","FogPharma","U.S.-based","Targeted therapeutics","Focused biotech with an undruggable-targets story that stands out."
"3","Formation Bio","U.S.-based","AI-enabled drug development","Strong fit because it sits directly in drug development acceleration."
"3","Absci","U.S.-based","AI protein therapeutics","Protein-therapeutics platform with a clear AI and biotech message."
"3","Alzheon","U.S.-based","Neurodegenerative therapeutics","Targetable biotech with a disease-specific, partner-friendly story."
"3","NextCure","U.S.-based","Immuno-oncology","Oncology biotech with a clear therapeutic focus."
"3","Senda Biosciences","U.S.-based","Therapeutics platform","Platform biotech with strong strategic-partnership relevance."
"3","Iambic Therapeutics","U.S.-based","AI drug discovery","AI-enabled therapeutics company with current market resonance."
"3","Cellarity","U.S.-based","Cell biology drug discovery","Drug discovery platform company with a compelling systems-biology angle."
"3","Dewpoint Therapeutics","U.S.-based","Condensate biology therapeutics","Differentiated science platform that is highly pharma relevant."
"3","Genesis Therapeutics","U.S.-based","AI biotech","AI drug-discovery company with a biotech-facing commercial story."
"3","Terremoto Biosciences","U.S.-based","Covalent medicines","Smaller biotech innovator with a differentiated chemistry platform."
"3","Alto Neuroscience","U.S.-based","Precision psychiatry","Clinical-stage neuro company with a strong biomarker-led positioning."
"3","Plexium","U.S.-based","Targeted protein degradation / drug discovery","Drug development company with a strong platform and partnering angle."
"3","Soley Therapeutics","U.S.-based","AI phenotypic drug discovery","AI-enabled discovery company with a biotech growth profile."
"3","Terray Therapeutics","U.S.-based","Drug discovery platform","Platform biotech with a straightforward pharma relevance."
"3","Superluminal Medicines","U.S.-based","AI drug discovery","Modern AI-biotech narrative that fits the second-pass pharma focus well."
"3","Cour Pharmaceutical","U.S.-based","Immune modulation therapeutics","Focused therapeutic company with a strong clinical-development story."
"3","Atavistik Bio","U.S.-based","Allosteric drug discovery","Smaller biotech with a clear platform pitch and pharma adjacency."
