"Company","Location","Segment","ReasonToTarget"
"OneMedNet","U.S.-based","Real-world data","RWD platform with growing life-sciences commercial relevance."
"Frekil","U.S.-based","Real-world evidence automation","RWE automation company that is directly relevant to pharma evidence generation."
"PurpleLab","U.S.-based","Life sciences data / analytics","Trusted life-sciences analytics platform with clear commercial and medical-affairs use cases."
"Ephicacy","U.S.-based","Real-world evidence analytics","RWE and analytics services company that fits pharma data and HEOR needs."
"Aitia","U.S.-based","Causal AI for biopharma","AI-driven life-sciences analytics company with strong pharma relevance."
"ActiVie Research","U.S.-based","Fractional CRO","Smaller research partner explicitly suited to early-stage health and biotech teams."
"Karuna Integrated Clinical Services","U.S.-based","Niche CRO","Built for smaller biopharma companies, which aligns well with your target preference."
"Allucent","U.S.-based","CRO / clinical development","Mid-sized CRO with strong biotech orientation rather than giant-enterprise feel."
"Peachtree BioResearch Solutions","U.S.-based","CRO / trial operations","Service-oriented research company suited to small and mid-size sponsors."
"Biorasi","U.S.-based","CRO","Biopharma-focused CRO with a strong operational trial story."
"MMS Holdings","U.S.-based","Biotech services / regulatory / data","Functional-services firm with strong biopharma workflow relevance."
"Alcanza Clinical Research","U.S.-based","Clinical research site network","Research-site network model that is highly relevant to sponsor and CRO outreach."
