"Name","LinkedIn URL","Verdict","Note","Slot status","Quick Msg sends","HeyReach campaign status","Connection status","Message status","Message"
"Robert Williard","https://www.linkedin.com/in/robert-williard-13aa574b","Slot closed","Slot status: queued_as_campaign","queued_as_campaign","0","","","","Robert, I appreciate how openly you lead radiation oncology with servant leadership and empathy. That comes through.

Thought you would be interested in this webinar on October 29th. We have several exciting upcoming oncology research efforts. This one studies how patients cope with cancer treatment.

Let me know if you want to meet 1:1 to discuss the other research efforts we are involved in. We would be really excited to work with Baptist in this important work. Thanks

https://www.linkedin.com/events/7514009104252674048/"
"Rufus Mark, MD","https://www.linkedin.com/in/rufus-mark-md-66384453","MISSING from HeyReach","Server recorded the add, but HeyReach does not list this lead in the campaign.","moved_to_quick_message","1","","","","Hi Rufus, awesome to see Baylor Scott & White's lung cancer screening program pass 400 scans. Early detection work like that really moves the needle.

Thought you'd be interested in this webinar on October 29th. We have several exciting upcoming oncology research efforts.

Let me know if you want to meet 1:1 to discuss them. We'd be really excited to work with Baylor Scott & White on this important work. Thanks

https://www.linkedin.com/events/7514009104252674048/"
"Dana Lonn","https://www.linkedin.com/in/dana-lonn-613947209","MISSING from HeyReach","Server recorded the add, but HeyReach does not list this lead in the campaign.","moved_to_quick_message","1","","","","Hi Dana, awesome to see the Bismarck Cancer Center Foundation keeping the Apple Jam tradition going. I appreciate the questions you asked earlier about where we are headed.

Thought you might be interested in this webinar on October 29th. We have several exciting upcoming oncology research efforts.

Let me know if you'd want to meet 1:1 to discuss them. We'd be excited to work with Bismarck Cancer Center on this important work. Thanks

https://www.linkedin.com/events/7514009104252674048/"
"Wesley Falconer","https://www.linkedin.com/in/wesley-falconer-b404b790","MISSING from HeyReach","Server recorded the add, but HeyReach does not list this lead in the campaign.","moved_to_quick_message","1","","","","Hi Wesley, I appreciate what you are building with the CCS MSO. Helping community oncology groups stay independent and sustainable. Fascinating model.

Thought you likely would be interested in this webinar on October 29th. We have several pretty exciting upcoming oncology research efforts.

Please let me know if you want to meet 1:1 to discuss the other research efforts we are involved in. We would be really excited to work with Cancer Care Specialists in this important work. Thanks

https://www.linkedin.com/events/7514009104252674048/"
"Tamer MSCI","https://www.linkedin.com/in/tamer-refaat-md-phd-msci-66907b29","MISSING from HeyReach","Server recorded the add, but HeyReach does not list this lead in the campaign.","moved_to_quick_message","1","","","","Hi Tamer, I appreciate the global oncology and clinical research work you lead at Cardinal Bernardin. Building radonc relationships across borders is fascinating to follow.

Thought you likely would be interested in this webinar on October 29th. We have several pretty exciting upcoming oncology research efforts.

Please let me know if you want to meet 1:1 to discuss the other research efforts we are involved in. We would be really excited to work with Cardinal Bernardin in this important work. Thanks

https://www.linkedin.com/events/7514009104252674048/"
"Lisa D'Andrea, RN BSN OCN CNBN CPN","https://www.linkedin.com/in/lisa-d-andrea-rn-bsn-ocn-cnbn-cpn-65790915a","MISSING from HeyReach","Server recorded the add, but HeyReach does not list this lead in the campaign.","moved_to_quick_message","1","","","","The FDA approval of tucatinib as a first-line maintenance option in HER2-positive metastatic breast cancer is awesome news for patients.

Thought you likely would be interested in this webinar on October 29th. We have several pretty exciting upcoming oncology research efforts.

Please let me know if you want to meet 1:1 to discuss the other research efforts we are involved in. We would be really excited to work with the Corewell Health cancer team in this important work. Thanks

https://www.linkedin.com/events/7514009104252674048/"
"Teresa NEA-BC","https://www.linkedin.com/in/teresa-e-giamboy-dnp-mba-msn-crnp-nea-bc-39b49163","MISSING from HeyReach","Server recorded the add, but HeyReach does not list this lead in the campaign.","moved_to_quick_message","1","","","","Just saw your post about the 8th Annual Lung Cancer Screening Summit on October 1st. Awesome to see Jefferson putting that much focus on early detection.

Thought you might be interested in this webinar on October 29th. We have several exciting upcoming oncology research efforts.

Let me know if you want to meet 1:1 to discuss them. We would be really excited to work with the Jefferson cancer service line in this important work. Thanks

https://www.linkedin.com/events/7514009104252674048/"
"Amit M.D.","https://www.linkedin.com/in/amit-patel-m-d-1a3337a2","MISSING from HeyReach","Server recorded the add, but HeyReach does not list this lead in the campaign.","moved_to_quick_message","1","","","","Hope all is going well at Astera. I appreciate the work you and your team are doing for patients across Northern NJ.

Thought you might be interested in this webinar on October 29th. We have several exciting upcoming oncology research efforts.

Let me know if you'd want to meet 1:1 to discuss the other research efforts we are involved in. We would be really excited to work with Astera. Thanks

https://www.linkedin.com/events/7514009104252674048/"
"Kathleen MBA","https://www.linkedin.com/in/kathleen-kiernan-harnden-md-mba-110607b","MISSING from HeyReach","Server recorded the add, but HeyReach does not list this lead in the campaign.","moved_to_quick_message","1","","","","Inova's $97.5M acquisition of the Willow Oaks campus is a big step. It looks like a major move for cancer care access in the region.

Thought you might be interested in this webinar on October 29th. We have several exciting upcoming oncology research efforts.

Let me know if you'd want to meet 1:1 to discuss the other research efforts we are involved in. We would be really excited to work with Inova. Thanks

https://www.linkedin.com/events/7514009104252674048/"
"Trish Tarpley","https://www.linkedin.com/in/trish-tarpley-52b3754b","MISSING from HeyReach","Server recorded the add, but HeyReach does not list this lead in the campaign.","moved_to_quick_message","1","","","","Trish, I found Dr. Goldschmidt's research on managing hematological adverse events in lung cancer patients fascinating. Awesome to see that kind of work coming out of Blue Ridge.

Thought you might be interested in this webinar on October 29th. We have several exciting upcoming oncology research efforts.

Let me know if you want to meet 1:1 to discuss the other research efforts we're involved in. We'd be excited to work with Blue Ridge in this important work. Thanks

https://www.linkedin.com/events/7514009104252674048/"
"kate pozeznik","https://www.linkedin.com/in/kpozeznik","MISSING from HeyReach","Server recorded the add, but HeyReach does not list this lead in the campaign.","moved_to_quick_message","1","","","","Kate, I appreciate how much heart you put into Advocate's patient education and staff engagement work.

Thought you might be interested in this webinar on October 29th. We have several exciting upcoming oncology research efforts.

Let me know if you'd like to meet 1:1 to discuss the other research efforts we're involved in. We'd be excited to work with the Advocate Radiation Oncology team in this important work. Thanks

https://www.linkedin.com/events/7514009104252674048/"
"John Reagan","https://www.linkedin.com/in/john-reagan-4521aa34","MISSING from HeyReach","Server recorded the add, but HeyReach does not list this lead in the campaign.","moved_to_quick_message","1","","","","John, I appreciate you connecting here. I'm sure you've seen a lot change in hematology over the years.

Thought you'd be interested in this webinar on October 29th. We have several exciting upcoming oncology research efforts.

Let me know if you want to meet 1:1 to discuss the other research efforts we are involved in. We'd be really excited to work with the Brown University Cancer Institute hematology team in this important work. Thanks

https://www.linkedin.com/events/7514009104252674048/"
"Laura St. Germain","https://www.linkedin.com/in/laurastgermain","MISSING from HeyReach","Server recorded the add, but HeyReach does not list this lead in the campaign.","moved_to_quick_message","1","","","","Laura, I appreciate you asking for more details. I must have missed your message. Thank you for your patience in getting them.

Thought you likely would be interested in this webinar on October 29th. We have several pretty exciting upcoming oncology research efforts. This one studies how patients cope with cancer treatment.

Please let me know if you want to meet 1:1 to discuss the other research efforts we are involved in. We would be really excited to work with the Clinical Research Division at Fred Hutch in this important work. Thanks

https://www.linkedin.com/events/7514009104252674048/"
"Costas Hadjipanayis","https://www.linkedin.com/in/ACoAAAgptdUBB37FMInzoczDkWe1EEyCjnBRTKE","MISSING from HeyReach","Server recorded the add, but HeyReach does not list this lead in the campaign.","moved_to_quick_message","1","","","","Costas, thanks again for connecting here. I appreciate it.

Thought you likely would be interested in this webinar on October 29th. We have several pretty exciting upcoming oncology research efforts. This one studies how patients cope with cancer treatment.

Please let me know if you want to meet 1:1 to discuss the other research efforts we are involved in. We would be really excited to work with the Joint Tumor Section in this important work. Thanks

https://www.linkedin.com/events/7514009104252674048/"
"Arash Asher","https://www.linkedin.com/in/arash-asher-2865724","MISSING from HeyReach","Server recorded the add, but HeyReach does not list this lead in the campaign.","moved_to_quick_message","1","","","","Dr. Asher, you lead cancer survivorship and rehabilitation at Cedars-Sinai. I thought this topic of how patients cope through treatment would be right in your wheelhouse.

Thought you'd be interested in this webinar on October 29th. We have several exciting upcoming oncology research efforts.

Let me know if you want to meet 1:1 to discuss the other research efforts we're involved in. We'd be really excited to work with Cedars-Sinai in this important work. Thanks

https://www.linkedin.com/events/7514009104252674048/"
"Stephanie Bailey","https://www.linkedin.com/in/stephanie-bailey-a8581a83","MISSING from HeyReach","Server recorded the add, but HeyReach does not list this lead in the campaign.","moved_to_quick_message","1","","","","Stephanie, I saw Franciscan is adding a hematology oncology physician at the Woodland Cancer Care Center. Awesome to see the team growing.

Thought you likely would be interested in this webinar on October 29th. We have several pretty exciting upcoming oncology research efforts. This one studies how patients cope with cancer treatment.

Please let me know if you want to meet 1:1 to discuss the other research efforts we are involved in. We would be really excited to work with Franciscan in this important work. Thanks

https://www.linkedin.com/events/7514009104252674048/"
"Jason R.Ph.","https://www.linkedin.com/in/jasonpoquette","MISSING from HeyReach","Server recorded the add, but HeyReach does not list this lead in the campaign.","moved_to_quick_message","1","","","","Jason, found that on top of running three pharmacies at Dana-Farber you also teach pharmacy management and write about leadership. I appreciate people who pour that much into the next generation.

Thought you likely would be interested in this webinar on October 29th. We have several pretty exciting upcoming oncology research efforts. This one looks at how patients cope with cancer treatment.

Please let me know if you want to meet 1:1 to discuss the other research efforts we are involved in. We would be really excited to work with Dana-Farber in this important work. Thanks

https://www.linkedin.com/events/7514009104252674048/"
"Stephen Liu","https://www.linkedin.com/in/stephenvliu","MISSING from HeyReach","Server recorded the add, but HeyReach does not list this lead in the campaign.","moved_to_quick_message","1","","","","Dr. Liu, hope the fall has been treating you and the Lombardi team well.

Thought you likely would be interested in this webinar on October 29th. We have several exciting upcoming oncology research efforts. This one studies how patients cope with cancer treatment.

Please let me know if you want to meet 1:1 to discuss the other research efforts we are involved in. We would be really excited to work with Georgetown Lombardi in this important work. Thanks

https://www.linkedin.com/events/7514009104252674048/"
"Jaya Dharan","https://www.linkedin.com/in/jaya-dharan-93452415","MISSING from HeyReach","Server recorded the add, but HeyReach does not list this lead in the campaign.","moved_to_quick_message","1","","","","Jaya, Dana-Farber's recent lung cancer findings are a fascinating example of what comes out of well-built data pipelines. It made me think of the work your team does behind the scenes.

Thought you likely would be interested in this webinar on October 29th. We have several exciting upcoming oncology research efforts. This one studies how patients cope with cancer treatment.

Please let me know if you want to meet 1:1 to discuss the other research efforts we are involved in. We would be really excited to work with Dana-Farber in this important work. Thanks

https://www.linkedin.com/events/7514009104252674048/"
"Betlhem Fitsum","https://www.linkedin.com/in/betlhem-fitsum-267b47237","MISSING from HeyReach","Server recorded the add, but HeyReach does not list this lead in the campaign.","moved_to_quick_message","1","","","","Betlhem, I found your research background fascinating. From the Mayo biospecimens lab to clinical data coordination. That kind of hands-on sample and data experience is rare.

Thought you likely would be interested in this webinar on October 29th. We have several exciting upcoming oncology research efforts. This one studies how patients cope with cancer treatment.

Please let me know if you want to meet 1:1 to discuss the other research efforts we are involved in. We would be really excited to work with John Theurer in this important work. Thanks

https://www.linkedin.com/events/7514009104252674048/"
"Jeremy Moore, MA","https://www.linkedin.com/in/jeremy-moore-ma-4a9aa91","MISSING from HeyReach","Server recorded the add, but HeyReach does not list this lead in the campaign.","moved_to_quick_message","1","","","","Jeremy, over 20 years translating complex cancer science into clear narratives is fascinating. From AACR to Fox Chase. I appreciate how much that shapes what patients and clinicians actually hear.

Thought you likely would be interested in this webinar on October 29th. We have several exciting upcoming oncology research efforts. This one studies how patients cope with cancer treatment.

Please let me know if you want to meet 1:1 to discuss the other research efforts we are involved in. We would be really excited to work with Fox Chase in this important work. Thanks

https://www.linkedin.com/events/7514009104252674048/"
"Josh Eaves","https://www.linkedin.com/in/josh-eaves-505507a","MISSING from HeyReach","Server recorded the add, but HeyReach does not list this lead in the campaign.","moved_to_quick_message","1","","","","Josh, FCS is really making its voice heard on cancer care policy and innovation at the Patient-Centered Oncology Care conference. I appreciate seeing your team out front on that.

Thought you'd be interested in this webinar on October 29th. We have several exciting upcoming oncology research efforts. This one looks at how patients cope with cancer treatment.

Let me know if you want to meet 1:1 to discuss the other research efforts we're involved in. We'd be excited to work with FCS on this important work. Thanks

https://www.linkedin.com/events/7514009104252674048/"
"Kirsten Bettino","https://www.linkedin.com/in/kirsten-bettino-7a0441207","MISSING from HeyReach","Server recorded the add, but HeyReach does not list this lead in the campaign.","moved_to_quick_message","1","","","","Kirsten, after 20+ years building oncology and hematology trial programs, I'm sure you've seen a lot. I bet you know well what patients actually experience during treatment.

Thought you'd be interested in this webinar on October 29th. We have several exciting upcoming oncology research efforts. This one studies how patients cope with cancer treatment.

Let me know if you want to meet 1:1 to discuss the other research efforts we're involved in. We'd be excited to work with the Cancer & Blood Specialty team on this important work. Thanks

https://www.linkedin.com/events/7514009104252674048/"
"Mary C. Shields","https://www.linkedin.com/in/mary-c-shields-335b9912","MISSING from HeyReach","Server recorded the add, but HeyReach does not list this lead in the campaign.","moved_to_quick_message","1","","","","Just found the recent study with City of Hope researchers. It links sweet foods, antibiotics, and gut imbalance in cancer patients. Fascinating work coming out of your team.

Thought you'd be interested in this webinar on October 29th. We have several exciting upcoming oncology research efforts. This one studies how patients cope with cancer treatment.

Let me know if you'd like to meet 1:1 to discuss our other research efforts. We'd be excited to work with City of Hope on this important work. Thanks

https://www.linkedin.com/events/7514009104252674048/"
"Tulika Ranjan","https://www.linkedin.com/in/tulika-ranjan-9b52269","MISSING from HeyReach","Server recorded the add, but HeyReach does not list this lead in the campaign.","moved_to_quick_message","1","","","","Dr. Ranjan, your neuro-oncology work at Dartmouth is fascinating. The recurrent GBM survival gains are impressive.

Thought you'd be interested in this webinar on October 29th. We have several exciting upcoming oncology research efforts. This one studies how patients cope with cancer treatment.

Let me know if you'd like to meet 1:1 to discuss our other research efforts. We'd be excited to work with Dartmouth on this important work. Thanks

https://www.linkedin.com/events/7514009104252674048/"
"Ronald J. Andro, MSHES, MSHSM, BSN, RN","https://www.linkedin.com/in/ronaldjandro","MISSING from HeyReach","Server recorded the add, but HeyReach does not list this lead in the campaign.","moved_to_quick_message","1","","","","Ron, your path from Roswell Park to leading City of Hope Atlanta is fascinating. Sure you have seen a lot across cancer care over the years.

Thought you likely would be interested in this webinar on October 29th. We have several pretty exciting upcoming oncology research efforts. This one studies how patients cope with cancer treatment.

Please let me know if you want to meet 1:1 to discuss the other research efforts we are involved in. We would be really excited to work with City of Hope Atlanta in this important work. Thanks

https://www.linkedin.com/events/7514009104252674048/"
"Wes England","https://www.linkedin.com/in/wes-england-2b2690b3","MISSING from HeyReach","Server recorded the add, but HeyReach does not list this lead in the campaign.","moved_to_quick_message","1","","","","Wes, you went from radiation therapist to running the Springfield Regional Cancer Center. That says a lot about how well you know the patient journey. I appreciate the work you and your team do there.

Thought you'd be interested in this webinar on October 29th. We have several exciting upcoming oncology research efforts.

Let me know if you want to meet 1:1 to discuss the other research efforts we are involved in. We'd be excited to work with the Springfield cancer center team. Thanks

https://www.linkedin.com/events/7514009104252674048/"
"Frank Andrew","https://www.linkedin.com/in/frank-andrew-b49040346","MISSING from HeyReach","Server recorded the add, but HeyReach does not list this lead in the campaign.","moved_to_quick_message","1","","","","Frank, your interest in how AI and machine learning can reshape radiation oncology is fascinating. Especially the push to make treatment more personalized for each patient.

Thought you'd be interested in this webinar on October 29th. We have several exciting upcoming oncology research efforts.

Let me know if you want to meet 1:1 to discuss the other research efforts we are involved in. We'd be excited to work with the Sarasota-Manatee cancer center. Thanks

https://www.linkedin.com/events/7514009104252674048/"
"Kimberly Wallin","https://www.linkedin.com/in/kimberly-wallin-95338974","MISSING from HeyReach","Server recorded the add, but HeyReach does not list this lead in the campaign.","moved_to_quick_message","1","","","","Kimberly, going from infusion nurse to CNO at Central Care, with your OCN on top of it, means you have seen that patient experience from every angle. I appreciate that kind of leadership in oncology nursing.

Thought you likely would be interested in this webinar on October 29th. We have several pretty exciting upcoming oncology research efforts.

Please let me know if you want to meet 1:1 to discuss the other research efforts we are involved in. We would be really excited to work with the Central Care team in this important work. Thanks

https://www.linkedin.com/events/7514009104252674048/"
"Rene Tun","https://www.linkedin.com/in/rene-tun-b39418246","MISSING from HeyReach","Server recorded the add, but HeyReach does not list this lead in the campaign.","moved_to_quick_message","1","","","","Rene, running research operations in a community oncology clinic means keeping trials moving while patients are right there in the chair. I appreciate how much that takes.

Thought you likely would be interested in this webinar on October 29th. We have several pretty exciting upcoming oncology research efforts.

Please let me know if you want to meet 1:1 to discuss the other research efforts we are involved in. We would be really excited to work with Cancer and Blood Specialty Clinic in this important work. Thanks

https://www.linkedin.com/events/7514009104252674048/"
"Wilfred dela Cruz","https://www.linkedin.com/in/wilfred-dela-cruz-09629257","MISSING from HeyReach","Server recorded the add, but HeyReach does not list this lead in the campaign.","moved_to_quick_message","1","","","","Saw that Intermountain is putting $50 million toward Nevada's first comprehensive children's hospital. Awesome to see that kind of commitment to the region.

Thought you likely would be interested in this webinar on October 29th. We have several pretty exciting upcoming oncology research efforts.

Please let me know if you want to meet 1:1 to discuss the other research efforts we are involved in. We would be really excited to work with Intermountain in this important work. Thanks

https://www.linkedin.com/events/7514009104252674048/"
"Natasha Holt, MBA, CCRP","https://www.linkedin.com/in/natasha-holt-mba-ccrp-31807a8","MISSING from HeyReach","Server recorded the add, but HeyReach does not list this lead in the campaign.","moved_to_quick_message","1","","","","Found that you came up through research operations at Blue Ridge before stepping into the Practice Director role. A practice leader with that research background is pretty rare. I appreciate what that must mean for your patients.

Thought you likely would be interested in this webinar on October 29th. We have several pretty exciting upcoming oncology research efforts.

Please let me know if you want to meet 1:1 to discuss the other research efforts we are involved in. We would be really excited to work with Blue Ridge in this important work. Thanks

https://www.linkedin.com/events/7514009104252674048/"
"Miranda BCPS","https://www.linkedin.com/in/miranda-o’rourke-pharm-d-bcop-bcps-67114490","MISSING from HeyReach","Server recorded the add, but HeyReach does not list this lead in the campaign.","moved_to_quick_message","1","","","","Saw Hartford HealthCare's new cancer center in Wallingford. It brings advanced care closer to home for patients in the region. Awesome step.

Thought you might be interested in this webinar on October 29th. We have several exciting oncology research efforts coming up.

Let me know if you want to meet 1:1 to discuss the other research efforts we are involved in. We would be excited to work with Hartford HealthCare on this important work. Thanks

https://www.linkedin.com/events/7514009104252674048/"
"Kevin Cao","https://www.linkedin.com/in/kevin-cao-66019859","MISSING from HeyReach","Server recorded the add, but HeyReach does not list this lead in the campaign.","moved_to_quick_message","1","","","","Your focus on chemotherapy induced cardiovascular dysfunction caught my eye. You're leading cardio-oncology at Lee Health. Fascinating space. One that cancer patients really need someone paying attention to.

Thought you likely would be interested in this webinar on October 29th. We have several pretty exciting upcoming oncology research efforts.

Please let me know if you want to meet 1:1 to discuss the other research efforts we are involved in. We would be really excited to work with Lee Health in this important work. Thanks

https://www.linkedin.com/events/7514009104252674048/"
"Tahani CGNC","https://www.linkedin.com/in/tahanidweikat","MISSING from HeyReach","Server recorded the add, but HeyReach does not list this lead in the campaign.","moved_to_quick_message","1","","","","Over 22 years in oncology nursing leadership. Now leading the clinical research unit for hematology and cellular therapies at City of Hope. I appreciate how much of that work is about keeping trial patients cared for, not just enrolled.

Thought you likely would be interested in this webinar on October 29th. We have several pretty exciting upcoming oncology research efforts.

Please let me know if you want to meet 1:1 to discuss the other research efforts we are involved in. We would be really excited to work with City of Hope in this important work. Thanks

https://www.linkedin.com/events/7514009104252674048/"
"Kenji DABR","https://www.linkedin.com/in/kenji-myint-phd-dabr-abba6749","MISSING from HeyReach","Server recorded the add, but HeyReach does not list this lead in the campaign.","moved_to_quick_message","1","","","","Kenji, I appreciate you putting up with my notes. Running physics, dosimetry, and the RSO role is a lot. Doing it for a practice as busy as Hematology/Oncology Associates is no small load.

Thought you likely would be interested in this webinar on October 29th. We have several pretty exciting upcoming oncology research efforts.

Please let me know if you want to meet 1:1 to discuss the other research efforts we are involved in. We would be really excited to work with HOACNY in this important work. Thanks

https://www.linkedin.com/events/7514009104252674048/"
"ali madani","https://www.linkedin.com/in/ali-madani-84a34846","MISSING from HeyReach","Server recorded the add, but HeyReach does not list this lead in the campaign.","moved_to_quick_message","1","","","","Thought you likely would be interested in this webinar on October 29th. We have several pretty exciting upcoming oncology research efforts. This one studies how patients cope with cancer treatment. No need to do anything with it, just sharing in case it is useful.

Please let me know if you ever want to meet 1:1 to discuss the other research efforts we are involved in. We would be really excited to work with AM Oncology in this important work. Thanks

https://www.linkedin.com/events/7514009104252674048/"
"Anthony Martin","https://www.linkedin.com/in/anthony-martin-93a80a227","MISSING from HeyReach","Server recorded the add, but HeyReach does not list this lead in the campaign.","moved_to_quick_message","1","","","","Hi Anthony, I appreciate you connecting earlier.

Thought you likely would be interested in this webinar on October 29th. We have several pretty exciting upcoming oncology research efforts. This one studies how patients cope with cancer treatment.

Please let me know if you want to meet 1:1 to discuss the other research efforts we are involved in. We would be really excited to work with Coastal Cancer Center in this important work. Thanks

https://www.linkedin.com/events/7514009104252674048/"
"Xuelu (Jeff) Liu PMP®, CSM","https://www.linkedin.com/in/xueluliu","MISSING from HeyReach","Server recorded the add, but HeyReach does not list this lead in the campaign.","moved_to_quick_message","1","","","","Hi Jeff, your work pulling genomics and multimodal data together for cancer care and research is fascinating.

Thought you'd be interested in this webinar on October 29th. We have several exciting upcoming oncology research efforts. This one studies how patients cope with cancer treatment.

Let me know if you'd like to meet 1:1 to discuss the other research efforts we're involved in. We'd be really excited to work with Dana-Farber in this important work. Thanks

https://www.linkedin.com/events/7514009104252674048/"
"Matthew Wetherhold, MS, PA-C, DFAAPA","https://www.linkedin.com/in/matthew-wetherhold","MISSING from HeyReach","Server recorded the add, but HeyReach does not list this lead in the campaign.","moved_to_quick_message","1","","","","Hi Matt, apologies for the slow answer to your question. I think this fell off Taylor's calendar and I did not follow up well either. Sorry about that!

We run a biopharma funded oncology outcomes collaborative. The conversation would be about how patients experience and cope with cancer treatment, and where Fox Chase might want to be involved.

I was looking at your profile because I thought you likely would be interested in this webinar on October 29th. It covers one of those projects. We have several pretty exciting upcoming oncology research efforts.

Please let me know if you want to meet 1:1 to discuss the other research efforts we are involved in. We would be really excited to work with Fox Chase in this important work. Thanks

https://www.linkedin.com/events/7514009104252674048/"
"Wendy Pritchett","https://www.linkedin.com/in/wendy-pritchett","MISSING from HeyReach","Server recorded the add, but HeyReach does not list this lead in the campaign.","moved_to_quick_message","1","","","","Hi Wendy, awesome to see Hackensack Meridian recognized by Becker's for its oncology programs, especially John Theurer. Well deserved for your team.

Thought you likely would be interested in this webinar on October 29th. We have several pretty exciting upcoming oncology research efforts. This one studies how patients cope with cancer treatment.

Please let me know if you want to meet 1:1 to discuss the other research efforts we are involved in. We would be really excited to work with the Hackensack oncology team in this important work. Thanks

https://www.linkedin.com/events/7514009104252674048/"
"Mark FASCO","https://www.linkedin.com/in/mark-walshauser","MISSING from HeyReach","Server recorded the add, but HeyReach does not list this lead in the campaign.","moved_to_quick_message","1","","","","Thought you likely would be interested in this webinar on October 29th. We have several pretty exciting upcoming oncology research efforts. This one looks at how patients cope with cancer treatment.

Please let me know if you want to meet 1:1 to discuss the other research efforts we are involved in. We would be really excited to work with Cancer Care Specialists in this important work. Thanks

https://www.linkedin.com/events/7514009104252674048/"
"Sandy Pollock, BSN, RN, OCN, CCRP","https://www.linkedin.com/in/sandy-pollock","MISSING from HeyReach","Server recorded the add, but HeyReach does not list this lead in the campaign.","moved_to_quick_message","1","","","","Hi Sandy, I appreciate the trial work you and your team are running across Charlotte and Georgia. Keeping oncology research operations moving in two states is fascinating to me.

Thought you likely would be interested in this webinar on October 29th. We have several pretty exciting upcoming oncology research efforts. This one studies how patients cope with cancer treatment.

Please let me know if you want to meet 1:1 to discuss the other research efforts we are involved in. We would be really excited to work with Levine Cancer in this important work. Thanks

https://www.linkedin.com/events/7514009104252674048/"
"Caroline Kotchevar","https://www.linkedin.com/in/carolinekotchevar","MISSING from HeyReach","Server recorded the add, but HeyReach does not list this lead in the campaign.","moved_to_quick_message","1","","","","Hi Caroline, thought you likely would be interested in this webinar on October 29th. We have several pretty exciting upcoming oncology research efforts. This one studies how patients cope with cancer treatment. That is right in the middle of the nursing experience.

Please let me know if you want to meet 1:1 to discuss the other research efforts we are involved in. We would be really excited to work with Contra Costa Oncology in this important work. Thanks

https://www.linkedin.com/events/7514009104252674048/"
"Martin Sucari","https://www.linkedin.com/in/martin-sucari-77671a2","MISSING from HeyReach","Server recorded the add, but HeyReach does not list this lead in the campaign.","moved_to_quick_message","1","","","","I appreciate the scale of what you are building at IOC. The operations and finance side of oncology care across Latam is impressive.

Thought you likely would be interested in this webinar on October 29th. It covers one of our projects studying how patients cope with cancer treatment. We also have several pretty exciting upcoming oncology research efforts.

Please let me know if you want to meet 1:1 to discuss the other research efforts we are involved in. We would be really excited to work with the IOC team in this important work. Thanks

https://www.linkedin.com/events/7514009104252674048/"
"Ronan FASCO","https://www.linkedin.com/in/ronan-kelly-md-mba-fasco-5b0a6053","MISSING from HeyReach","Server recorded the add, but HeyReach does not list this lead in the campaign.","moved_to_quick_message","1","","","","Your combination of scientific discovery and precision medicine leadership at Sammons is fascinating. The interception work you founded especially stands out.

Thought you might be interested in this webinar on October 29th. It covers one of our projects studying how patients cope with cancer treatment. We also have several exciting upcoming oncology research efforts.

Let me know if you want to meet 1:1 to discuss those efforts. We would be excited to work with the Sammons team on this important work. Thanks

https://www.linkedin.com/events/7514009104252674048/"
"Felesha Marsland","https://www.linkedin.com/in/felesha-marsland-86144b222","MISSING from HeyReach","Server recorded the add, but HeyReach does not list this lead in the campaign.","moved_to_quick_message","1","","","","I just saw your post about that medical team keeping their composure during the earthquake. Fascinating to read.

Thought you might be interested in this webinar on October 29th. It covers one of our projects studying how patients cope with cancer treatment. We also have several exciting upcoming oncology research efforts.

Let me know if you want to meet 1:1 to discuss those efforts. We would be excited to work with Broome Oncology on this important work. Thanks

https://www.linkedin.com/events/7514009104252674048/"
"Rajesh Behl","https://www.linkedin.com/in/rajesh-behl-8913076","MISSING from HeyReach","Server recorded the add, but HeyReach does not list this lead in the campaign.","moved_to_quick_message","1","","","","You lead advanced therapeutics and research at Epic Care. I thought of you right away.

Thought you might be interested in this webinar on October 29th. It covers one of our projects studying how patients cope with cancer treatment. We also have several exciting upcoming oncology research efforts.

Let me know if you want to meet 1:1 to discuss those efforts. We would be excited to work with Epic Care on this important work. Thanks

https://www.linkedin.com/events/7514009104252674048/"
"Nicole RT(R)","https://www.linkedin.com/in/nicole-mitchell-mha-rt-r-0402498","MISSING from HeyReach","Server recorded the add, but HeyReach does not list this lead in the campaign.","moved_to_quick_message","1","","","","You lead imaging and the procedure suite at Fred Hutch. That puts you right where the patient experience is really felt.

Thought you might be interested in this webinar on October 29th. It covers one of our projects studying how patients cope with cancer treatment. We also have several exciting upcoming oncology research efforts.

Let me know if you want to meet 1:1 to discuss those efforts. We would be excited to work with Fred Hutch on this important work. Thanks

https://www.linkedin.com/events/7514009104252674048/"
"Ted James, MD, MHCM","https://www.linkedin.com/in/ted-james-md-mhcm","MISSING from HeyReach","Server recorded the add, but HeyReach does not list this lead in the campaign.","moved_to_quick_message","1","","","","Leading strategy and care transformation across the Endeavor Cancer Institute, with your breast surgical oncology background, is a fascinating combination.

Thought you might be interested in this webinar on October 29th. It covers one of our projects studying how patients cope with cancer treatment. We also have several exciting upcoming oncology research efforts.

Let me know if you'd like to meet 1:1 to discuss the other research efforts we are involved in. We would be excited to work with the Endeavor Cancer Institute in this important work. Thanks

https://www.linkedin.com/events/7514009104252674048/"
"Stephanie Valente","https://www.linkedin.com/in/stephanie-valente-7942b044","MISSING from HeyReach","Server recorded the add, but HeyReach does not list this lead in the campaign.","moved_to_quick_message","1","","","","Hi Stephanie, I appreciate everything you are building on the breast side at Cleveland Clinic. From the West Region program to the breast surgical oncology fellowship. Fascinating range of work.

Thought you likely would be interested in this webinar on October 29th. We have several pretty exciting upcoming oncology research efforts.

Please let me know if you want to meet 1:1. I would love to discuss the other research efforts we are involved in. We would be really excited to work with the Cleveland Clinic breast program in this important work. Thanks

https://www.linkedin.com/events/7514009104252674048/"
"Azam MD","https://www.linkedin.com/in/azamfarooqui","Slot closed","Slot status: queued_as_campaign","queued_as_campaign","0","","","","Just saw your post about the 2026 AZBio Awards honorees. It was awesome to see Sunil Sharma recognized. I appreciate you sharing it.

Thought you would be interested in this webinar on October 29th. We have several exciting upcoming oncology research efforts. This one looks at how patients cope with cancer treatment.

Let me know if you want to meet 1:1 to discuss the other research efforts we are involved in. We would be really excited to work with Ironwood in this important work. Thanks

https://www.linkedin.com/events/7514009104252674048/"
"Alexander Springer","https://www.linkedin.com/in/alexander-springer-8b3608221","Slot closed","Slot status: queued_as_campaign","queued_as_campaign","0","","","","The new radiation oncology division at Fort Wayne Medical Oncology and Hematology looks like an awesome step forward for comprehensive cancer care in the community.

Thought you likely would be interested in this webinar on October 29th. We have several exciting upcoming oncology research efforts.

Please let me know if you want to meet 1:1 to discuss the other research efforts we are involved in. We would be really excited to work with Fort Wayne Medical Oncology in this important work. Thanks

https://www.linkedin.com/events/7514009104252674048/"
"Julia Saylors","https://www.linkedin.com/in/julia-saylors-34338278","Slot closed","Slot status: queued_as_campaign","queued_as_campaign","0","","","","Hi Julia, I appreciate you letting me send the invitation over to your email earlier.

Thought you likely would be interested in this webinar on October 29th. We have several exciting upcoming oncology research efforts.

Please let me know if you want to meet 1:1 to discuss the other research efforts we are involved in. We would be really excited to work with Charleston Oncology in this important work. Thanks

https://www.linkedin.com/events/7514009104252674048/"
"Kevin King","https://www.linkedin.com/in/kevincharlesking1","Slot closed","Slot status: queued_as_campaign","queued_as_campaign","0","","","","Congratulations again on stepping into the Medical Director role for Oncology Services at Humboldt Park Health. Expanding access to expert cancer care on Chicago's West Side is awesome work.

Thought you likely would be interested in this webinar on October 29th. We have several pretty exciting upcoming oncology research efforts.

Please let me know if you want to meet 1:1 to discuss the other research efforts we are involved in. We would be really excited to work with Humboldt Park Health in this important work. Thanks

https://www.linkedin.com/events/7514009104252674048/"
"Marlo Blazer","https://www.linkedin.com/in/marlo-blazer-5b8b60a0","Slot closed","Slot status: queued_as_campaign","queued_as_campaign","0","","","","Your mix of oncology pharmacy, health economics and outcomes work at Xcenda, and now clinical strategy at Columbus Oncology is a fascinating combination. Especially on the real-world evidence side.

Thought you likely would be interested in this webinar on October 29th. We have several pretty exciting upcoming oncology research efforts.

Please let me know if you want to meet 1:1 to discuss the other research efforts we are involved in. We would be really excited to work with Columbus Oncology in this important work. Thanks

https://www.linkedin.com/events/7514009104252674048/"
"Megan CMD","https://www.linkedin.com/in/megan-w-lamar-rt-t-m-s-cmd-5013686b","Slot closed","Slot status: queued_as_campaign","queued_as_campaign","0","","","","Going from senior dosimetrist to leading operations for both radiation oncology and radiology at Alabama Cancer Care is fascinating. I appreciate the planning-side depth you bring to that role.

Thought you likely would be interested in this webinar on October 29th. We have several pretty exciting upcoming oncology research efforts.

Please let me know if you want to meet 1:1 to discuss the other research efforts we are involved in. We would be really excited to work with Alabama Cancer Care in this important work. Thanks

https://www.linkedin.com/events/7514009104252674048/"
"Samir Courdy","https://www.linkedin.com/in/samir-courdy-a0486b5","Slot closed","Slot status: queued_as_campaign","queued_as_campaign","0","","","","Hope retirement and the vacation list are treating you well. You certainly earned it after everything you built at City of Hope.

Thought you likely would be interested in this webinar on October 29th. We have several pretty exciting upcoming oncology research efforts.

Please let me know if you want to meet 1:1 to discuss the other research efforts we are involved in. We would be really excited to work with City of Hope in this important work. Thanks

https://www.linkedin.com/events/7514009104252674048/"
"Kristen Patel","https://www.linkedin.com/in/kristensteffekpatel","Slot closed","Slot status: queued_as_campaign","queued_as_campaign","0","","","","Found that Kelsey-Seybold is testing the new Accela linear accelerator with Siemens Healthineers. Fascinating to be one of the first sites putting it to work for patients.

Thought you likely would be interested in this webinar on October 29th. We have several pretty exciting upcoming oncology research efforts. This one studies how patients cope with cancer treatment.

Please let me know if you want to meet 1:1 to discuss the other research efforts we are involved in. We would be really excited to work with your radiation oncology team at Kelsey-Seybold in this important work. Thanks

https://www.linkedin.com/events/7514009104252674048/"
"MESFIN KIDANE","https://www.linkedin.com/in/mesfin-kidane-ba491442","Slot closed","Slot status: queued_as_campaign","queued_as_campaign","0","","","","Awesome to see Comprehensive Cancer Centers of Nevada opening the new location in the Medical District. More access close to home makes a real difference for patients.

Thought you likely would be interested in this webinar on October 29th. We have several exciting upcoming oncology research efforts. This one studies how patients cope with cancer treatment.

Please let me know if you want to meet 1:1 to discuss the other research efforts we are involved in. We would be really excited to work with CCCN in this important work. Thanks

https://www.linkedin.com/events/7514009104252674048/"
"Adam Head","https://www.linkedin.com/in/adam-head-20694914","Slot closed","Slot status: queued_as_campaign","queued_as_campaign","0","","","","Congratulations to Dr. Robertson on being named one of the Top 100 Women of Arkansas. Awesome recognition. Clearly a reflection of the team around her at CARTI.

Thought you likely would be interested in this webinar on October 29th. We have several pretty exciting upcoming oncology research efforts. This one studies how patients cope with cancer treatment.

Please let me know if you want to meet 1:1 to discuss the other research efforts we are involved in. We would be really excited to work with CARTI in this important work. Thanks

https://www.linkedin.com/events/7514009104252674048/"
"Miguel Velez","https://www.linkedin.com/in/miguel-gonzalez-velez-249968a4","Slot closed","Slot status: queued_as_campaign","queued_as_campaign","0","","","","Just saw your post about condensing a patient presentation into a one-liner. Fascinating how much clearer thinking gets when you force that discipline.

Thought you likely would be interested in this webinar on October 29th. We have several exciting upcoming oncology research efforts. This one studies how patients cope with cancer treatment.

Please let me know if you want to meet 1:1 to discuss the other research efforts we are involved in. We would be really excited to work with John Theurer in this important work. Thanks

https://www.linkedin.com/events/7514009104252674048/"
"Erika Radeke","https://www.linkedin.com/in/erika-radeke-689b7b100","Slot closed","Slot status: queued_as_campaign","queued_as_campaign","0","","","","Dr. Patel's study on reproductive health in cancer care is fascinating. It fits right in with the health equity focus you talk about.

Thought you likely would be interested in this webinar on October 29th. We have several exciting upcoming oncology research efforts. This one studies how patients cope with cancer treatment.

Please let me know if you want to meet 1:1 to discuss the other research efforts we are involved in. We would be really excited to work with the CCH Cancer Center in this important work. Thanks

https://www.linkedin.com/events/7514009104252674048/"
"Joshua Lahav","https://www.linkedin.com/in/joshualahav","Slot closed","Slot status: queued_as_campaign","queued_as_campaign","0","","","","The Fox Chase work on the epigenetic blueprint for controlling MYC amplification is fascinating. I appreciate the kind of science coming out of your team.

Thought you likely would be interested in this webinar on October 29th. We have several pretty exciting upcoming oncology research efforts. This one studies how patients cope with cancer treatment.

Please let me know if you want to meet 1:1 to discuss the other research efforts we are involved in. We would be really excited to work with Fox Chase in this important work. Thanks

https://www.linkedin.com/events/7514009104252674048/"
"Minira Aslanova","https://www.linkedin.com/in/minira-aslanova-1470221a7","Slot closed","Slot status: queued_as_campaign","queued_as_campaign","0","","","","Hi Minira, chief fellow year in heme/onc is a busy one. I appreciate you taking a second to read this.

Thought you likely would be interested in this webinar on October 29th. We have several pretty exciting upcoming oncology research efforts. This one studies how patients cope with cancer treatment.

Please let me know if you want to meet 1:1 to discuss the other research efforts we are involved in. We would be really excited to work with Inova Fairfax in this important work. Thanks

https://www.linkedin.com/events/7514009104252674048/"
"Whitney NE-BC","https://www.linkedin.com/in/whitney-arriaga-rn-mba-ne-bc-b08151a1","Slot closed","Slot status: queued_as_campaign","queued_as_campaign","0","","","","The Light it up Pink night at the Neal Cancer Center looked awesome. I appreciate how visible your team makes early detection for the community.

Thought you would be interested in this webinar on October 29th. We have several exciting upcoming oncology research efforts. This one studies how patients cope with cancer treatment.

Let me know if you want to meet 1:1 to discuss the other research efforts we are involved in. We would be excited to work with Houston Methodist in this important work. Thanks

https://www.linkedin.com/events/7514009104252674048/"
"Michelle RT(T)","https://www.linkedin.com/in/michelle-benoit-mha-ba-rt-t-5a4ab7233","Slot closed","Slot status: queued_as_campaign","queued_as_campaign","0","","","","The new Longview Cancer Center is awesome to see. Expanding cancer care access across East Texas is no small thing. I appreciate you and your team taking that on.

Thought you would be interested in this webinar on October 29th. We have several exciting upcoming oncology research efforts. This one studies how patients cope with cancer treatment.

Let me know if you want to meet 1:1 to discuss the other research efforts we are involved in. We would be excited to work with CHRISTUS in this important work. Thanks

https://www.linkedin.com/events/7514009104252674048/"
"Boris Pasche","https://www.linkedin.com/in/boris-pasche-83b55715","Slot closed","Slot status: queued_as_campaign","queued_as_campaign","0","","","","Found that you are on the agenda for the Newsweek AI Health Summit. I would love to hear your take on where AI actually moves the needle in cancer care.

Thought you likely would be interested in this webinar on October 29th. We have several pretty exciting upcoming oncology research efforts. This one studies how patients cope with cancer treatment.

Please let me know if you want to meet 1:1 to discuss the other research efforts we are involved in. We would be really excited to work with Karmanos in this important work. Thanks

https://www.linkedin.com/events/7514009104252674048/"
"Margaret Howard","https://www.linkedin.com/in/margaret-howard-56019b1b","Slot closed","Slot status: queued_as_campaign","queued_as_campaign","0","","","","Hope your fall in clinic has been going well, Margaret.

Thought you likely would be interested in this webinar on October 29th. We have several pretty exciting upcoming oncology research efforts. This one studies how patients cope with cancer treatment. It may be an easy way to see what the work actually looks like.

No pressure at all on a 1:1. But I am happy to share more on the other research efforts any time. We would be really excited to work with your team at Duke in this important work. Thanks

https://www.linkedin.com/events/7514009104252674048/"
"Sara Randolph","https://www.linkedin.com/in/sara-randolph-7719357","Slot closed","Slot status: queued_as_campaign","queued_as_campaign","0","","","","Hope the fall has been going well at Roswell Park.

Thought you likely would be interested in this webinar on October 29th. We have several exciting upcoming oncology research efforts. This one studies how patients cope with cancer treatment.

Please let me know if you want to meet 1:1 to discuss the other research efforts we are involved in. We would be really excited to work with Roswell Park in this important work. Thanks

https://www.linkedin.com/events/7514009104252674048/"
"Robert Rusnac","https://www.linkedin.com/in/robert-rusnac","Slot closed","Slot status: queued_as_campaign","queued_as_campaign","0","","","","The adaptive radiation therapy work coming out of Henry Ford Cancer Institute is fascinating. Especially how you're putting AI to work in daily treatment planning.

Thought you likely would be interested in this webinar on October 29th. We have several exciting upcoming oncology research efforts. This one studies how patients cope with cancer treatment.

Let me know if you'd like to meet 1:1. I can walk you through the other research efforts we're involved in. We would be really excited to work with the Henry Ford Cancer Institute team in this important work. Thanks

https://www.linkedin.com/events/7514009104252674048/"
"Rozelle Cacatian","https://www.linkedin.com/in/rozelle-cacatian-994b2a33","Slot closed","Slot status: queued_as_campaign","queued_as_campaign","0","","","","Hope things are going well with the oncology team at Reston.

Thought you likely would be interested in this webinar on October 29th. We have several exciting upcoming oncology research efforts. This one studies how patients cope with cancer treatment.

Let me know if you'd like to meet 1:1. I can walk you through the other research efforts we're involved in. We would be really excited to work with your team at Reston in this important work. Thanks

https://www.linkedin.com/events/7514009104252674048/"
"TinaMarie Bauman, RN, APRN, AGN-BC, ACGN","https://www.linkedin.com/in/tinamarie-bauman-rn-aprn-agn-bc-acgn-7486945","Slot closed","Slot status: queued_as_campaign","queued_as_campaign","0","","","","Hope the Breast Cancer Awareness Month events are going well. I appreciate everything you are pouring into them this month, clinic and all.

Thought you likely would be interested in this webinar on October 29th. We have several exciting upcoming oncology research efforts. This project studies how patients cope with cancer treatment.

No rush at all on the 1:1. I know you are booking into late November. But I am happy to share more on the other research efforts whenever it fits. We would be really excited to work with the Good Shepherd cancer prevention team in this important work. Thanks

https://www.linkedin.com/events/7514009104252674048/"
"Paraic Kenny","https://www.linkedin.com/in/paraic-kenny","Slot closed","Slot status: queued_as_campaign","queued_as_campaign","0","","","","Awesome to see the 21st annual Steppin' Out in Pink kicking off this Saturday. I appreciate how much that event has come to mean for patients in the La Crosse area.

Thought you likely would be interested in this webinar on October 29th. We have several exciting upcoming oncology research efforts. This one looks at how patients cope with cancer treatment.

Please let me know if you want to meet 1:1 to discuss the other research efforts we are involved in. We would be really excited to work with the Kabara Cancer Research Institute in this important work. Thanks

https://www.linkedin.com/events/7514009104252674048/"
"Dana Bersch II","https://www.linkedin.com/in/dana-bersch-ii-bb123150","Slot closed","Slot status: queued_as_campaign","queued_as_campaign","0","","","","Dana, I just saw your post about change coming from everywhere in community oncology. That really resonated. I appreciate you pointing me to Wesley earlier.

Thought you likely would be interested in this webinar on October 29th. We have several pretty exciting upcoming oncology research efforts.

Please let me know if you want to meet 1:1 to discuss the other research efforts we are involved in. We would be really excited to work with Cancer Care Specialists in this important work. Thanks

https://www.linkedin.com/events/7514009104252674048/"
"Starla May","https://www.linkedin.com/in/starla-may-45b35a297","Slot closed","Slot status: queued_as_campaign","queued_as_campaign","0","","","","Starla, awesome to see community events like the Power of Pink Fashion Show rallying around breast health at Clearview. Fits right in with everything you said about treating each other the way we would treat a patient.

Thought you likely would be interested in this webinar on October 29th. We have several exciting upcoming oncology research efforts.

Let me know if you'd want to meet 1:1 to discuss the other research efforts we're involved in. We'd be really excited to work with Clearview in this important work. Thanks

https://www.linkedin.com/events/7514009104252674048/"
"Kay Yoon-Flannery","https://www.linkedin.com/in/kay-yoon-flannery-392a5521","Slot closed","Slot status: queued_as_campaign","queued_as_campaign","0","","","","Dr. Yoon-Flannery, I just found that AtlantiCare is bringing robotic nipple-sparing mastectomies to the tri-state region. Fascinating to see that option becoming available closer to home for patients.

Thought you likely would be interested in this webinar on October 29th. We have several exciting upcoming oncology research efforts.

Let me know if you'd want to meet 1:1 to discuss the other research efforts we're involved in. We'd be really excited to work with your Women's Oncology team at AtlantiCare in this important work. Thanks

https://www.linkedin.com/events/7514009104252674048/"
"Kirsten af Klinteberg","https://www.linkedin.com/in/kafklinteberg","Slot closed","Slot status: queued_as_campaign","queued_as_campaign","0","","","","Kirsten, I appreciate everything the Jimmy Fund Walk community pulls off for cancer research every year. Fascinating to see how far that effort ripples.

Thought you'd be interested in this webinar on October 29th. We have several exciting upcoming oncology research efforts.

Let me know if you want to meet 1:1 to discuss the other research efforts we're involved in. We'd be really excited to work with Dana-Farber on this important work. Thanks

https://www.linkedin.com/events/7514009104252674048/"
"Kimberly Powers MSN-L,RN, NE-BC","https://www.linkedin.com/in/kimberly-powers-msn-l-rn-ne-bc-7a03b7271","Slot closed","Slot status: queued_as_campaign","queued_as_campaign","0","","","","Kimberly, I appreciate the clinical services work you lead at Banner MD Anderson. So much of the patient experience runs through your teams.

Thought you'd be interested in this webinar on October 29th. We have several exciting upcoming oncology research efforts.

Let me know if you want to meet 1:1 to discuss the other research efforts we're involved in. We'd be really excited to work with Banner MD Anderson on this important work. Thanks

https://www.linkedin.com/events/7514009104252674048/"
"Gus Halwani, PhD","https://www.linkedin.com/in/gushalwani","Slot closed","Slot status: queued_as_campaign","queued_as_campaign","0","","","","Hey Gus, just saw your post about the U.A.E. Ministry of Health delegation's visit to Dana-Farber. Fascinating to see that kind of exchange happening.

Thought you'd be interested in this webinar on October 29th. We have several exciting upcoming oncology research efforts. This one studies how patients cope with cancer treatment.

Let me know if you'd like to meet 1:1 to discuss the other research efforts we are involved in. We would be really excited to work with Dana-Farber in this important work. Thanks

https://www.linkedin.com/events/7514009104252674048/"
"Vaia Florou","https://www.linkedin.com/in/vaia-florou-652236aa","Slot closed","Slot status: queued_as_campaign","queued_as_campaign","0","","","","Hi Vaia, I appreciate your interest in the collaborative. It is awesome that your Phase 1 team was part of the daraxonrasib work in pancreatic cancer.

Thought you likely would be interested in this webinar on October 29th. We have several pretty exciting upcoming oncology research efforts. This one studies how patients cope with cancer treatment.

Please let me know if you want to meet 1:1 to discuss the other research efforts we are involved in. We would be really excited to work with the Huntsman team in this important work. Thanks

https://www.linkedin.com/events/7514009104252674048/"
"Lyudmila Kalnitskaya","https://www.linkedin.com/in/lyudmila-kalnitskaya-49b02243","Slot closed","Slot status: queued_as_campaign","queued_as_campaign","0","","","","Hi Lyudmila, awesome to see Holy Cross recognized by the American Heart Association for its care standards. I appreciate the work your team puts into that.

Thought you likely would be interested in this webinar on October 29th. We have several pretty exciting upcoming oncology research efforts. This one studies how patients cope with cancer treatment.

Please let me know if you want to meet 1:1 to discuss the other research efforts we are involved in. We would be really excited to work with Holy Cross in this important work. Thanks

https://www.linkedin.com/events/7514009104252674048/"
"Nageatte Ibrahim, M.D.","https://www.linkedin.com/in/nageatte-ibrahim-m-d-56882b8","Slot closed","Slot status: queued_as_campaign","queued_as_campaign","0","","","","Hi Nageatte, I appreciate you taking the time to ask about the study. Your interest in the patient side of development is great to see.

Thought you likely would be interested in this webinar on October 29th. We have several pretty exciting upcoming oncology research efforts. This one looks at how patients cope with cancer treatment.

Please let me know if you want to meet 1:1 to discuss the other research efforts we are involved in. We would be really excited to work with the HonorHealth team in this important work. Thanks

https://www.linkedin.com/events/7514009104252674048/"
"Melissa TCTCN","https://www.linkedin.com/in/melissa-barnes-dnp-rn-cenp-ocn-tctcn-82604365","Slot closed","Slot status: queued_as_campaign","queued_as_campaign","0","","","","I loved seeing the photos from the Second Annual Nursing Excellence Awards at Levine. Your nurses clearly earned it.

Thought you likely would be interested in this webinar on October 29th. We have several exciting upcoming oncology research efforts. This one looks at how patients cope with cancer treatment.

Let me know if you want to meet 1:1 to discuss our other research efforts. We would be really excited to work with Levine Cancer Institute on this important work. Thanks

https://www.linkedin.com/events/7514009104252674048/"
"Kris Mathey, DNP, APRN-CNP, AOCNP","https://www.linkedin.com/in/kris-mathey-dnp-aprn-cnp-aocnp-a878753a3","Slot closed","Slot status: queued_as_campaign","queued_as_campaign","0","","","","Congrats on the new APP Fellowship cohort. Christy Barnauskas and Victoria Steed look like an awesome start to the year.

Thought you likely would be interested in this webinar on October 29th. We have several exciting upcoming oncology research efforts. This one looks at how patients cope with cancer treatment.

Let me know if you'd like to meet 1:1 to discuss our other research efforts. We'd be excited to work with Columbus Oncology on this important work. Thanks

https://www.linkedin.com/events/7514009104252674048/"
"Sherri Kubesh","https://www.linkedin.com/in/sherri-kubesh-49672b107","Slot closed","Slot status: queued_as_campaign","queued_as_campaign","0","","","","Hi Sherri, I appreciate you replying earlier.

Thought you likely would be interested in this webinar on October 29th. We have several pretty exciting upcoming oncology research efforts. This one looks at how patients cope with cancer treatment.

Please let me know if you want to meet 1:1 to discuss the other research efforts we are involved in. We would be really excited to work with Advocate Radiation Oncology in this important work. Thanks

https://www.linkedin.com/events/7514009104252674048/"
"Rhonda Murray","https://www.linkedin.com/in/rhondamurray625","Slot closed","Slot status: queued_as_campaign","queued_as_campaign","0","","","","I found that Florida Cancer Specialists is adding a Patient Financial Navigator role. Awesome to see the team growing in a way that directly supports patients.

Thought you likely would be interested in this webinar on October 29th. We have several pretty exciting upcoming oncology research efforts. This one looks at how patients cope with cancer treatment.

Please let me know if you want to meet 1:1 to discuss the other research efforts we are involved in. We would be really excited to work with Florida Cancer Specialists in this important work. Thanks

https://www.linkedin.com/events/7514009104252674048/"
"Mitzi Castillo","https://www.linkedin.com/in/mitzi-c-75090425","Slot closed","Slot status: queued_as_campaign","queued_as_campaign","0","","","","Your post about your daughter's NASA meeting caught my eye, awesome to see her getting that kind of recognition.

Thought you likely would be interested in this webinar on October 29th. We have several pretty exciting upcoming oncology research efforts.

Please let me know if you want to meet 1:1 to discuss the other research efforts we are involved in. We would be really excited to work with Arizona Center for Cancer Care in this important work. Thanks

https://www.linkedin.com/events/7514009104252674048/"
"Renchin Wu","https://www.linkedin.com/in/renchinwu","Slot closed","Slot status: queued_as_campaign","queued_as_campaign","0","","","","Just saw the news about the daraxonrasib results in pancreatic cancer at Dana-Farber, fascinating stuff, especially given your GI and biomarker validation work.

Thought you likely would be interested in this webinar on October 29th. We have several pretty exciting upcoming oncology research efforts.

Please let me know if you want to meet 1:1 to discuss the other research efforts we are involved in. We would be really excited to work with Dana-Farber in this important work. Thanks

https://www.linkedin.com/events/7514009104252674048/"
"Kristi Roberts","https://www.linkedin.com/in/kristi-roberts-dnp","Slot closed","Slot status: queued_as_campaign","queued_as_campaign","0","","","","Looked like the ACHE Mini-Congress was awesome. Especially getting to hear from Dave and Beth.

Thought you likely would be interested in this webinar on October 29th. We have several pretty exciting upcoming oncology research efforts.

Let me know if you want to meet 1:1. I'd love to discuss the other research efforts we are involved in. We would be really excited to work with Cone Health Cancer Center in this important work. Thanks

https://www.linkedin.com/events/7514009104252674048/"
"Varun PharmD","https://www.linkedin.com/in/varun-chakravarthy-pharmd-04b9b945","Slot closed","Slot status: queued_as_campaign","queued_as_campaign","0","","","","Leading a weekly molecular tumor board through 1,000+ complex oncology cases a year is fascinating work. I appreciate you building that program out.

Thought you likely would be interested in this webinar on October 29th. We have several pretty exciting upcoming oncology research efforts.

Let me know if you want to meet 1:1. I'd love to discuss the other research efforts we are involved in. We would be really excited to work with the Advocate precision oncology team in this important work. Thanks

https://www.linkedin.com/events/7514009104252674048/"
"Avadhut Joshi","https://www.linkedin.com/in/avadhutjoshiphd","Slot closed","Slot status: queued_as_campaign","queued_as_campaign","0","","","","Just saw your post about the Astellas Golden Ticket Program, fascinating to see that kind of door open for early stage startups.

Thought you likely would be interested in this webinar on October 29th. We have several pretty exciting upcoming oncology research efforts.

Please let me know if you want to meet 1:1 to discuss the other research efforts we are involved in. We would be really excited to work with Fred Hutch in this important work. Thanks

https://www.linkedin.com/events/7514009104252674048/"
"Christina Patterson","https://www.linkedin.com/in/christina-patterson-0ab45529","Slot closed","Slot status: queued_as_campaign","queued_as_campaign","0","","","","Christina, I appreciated you being happy to connect back in September. We never did get a time on the calendar, and that is totally fine.

Thought you likely would be interested in this webinar on October 29th. We have several pretty exciting upcoming oncology research efforts.

Please let me know if you want to meet 1:1 to discuss the other research efforts we are involved in. We would be really excited to work with Cancer Care Associates of York in this important work. Thanks

https://www.linkedin.com/events/7514009104252674048/"
"Ruth CPXP","https://www.linkedin.com/in/ruth-walker-simelton","Slot closed","Slot status: queued_as_campaign","queued_as_campaign","0","","","","Just saw the IOS Practice Summit is almost here, only a few days out now. I appreciate all the work you have clearly put into it and hope it goes awesome.

Thought you likely would be interested in this webinar on October 29th. We have several pretty exciting upcoming oncology research efforts.

Please let me know if you want to meet 1:1 to discuss the other research efforts we are involved in. We would be really excited to work with Hematology Oncology of Indiana in this important work. Thanks

https://www.linkedin.com/events/7514009104252674048/"
"Waasil Kareem","https://www.linkedin.com/in/waasil-kareem-3323439","Slot closed","Slot status: queued_as_campaign","queued_as_campaign","0","","","","Waasil, I appreciate the work you are leading in interventional pulmonology at City of Hope. Earlier, less invasive diagnosis for lung cancer patients makes such a difference in how they experience treatment.

Thought you likely would be interested in this webinar on October 29th. We have several pretty exciting upcoming oncology research efforts, and this one studies how patients cope with cancer treatment.

Please let me know if you want to meet 1:1 to discuss the other research efforts we are involved in. We would be really excited to work with City of Hope in this important work. Thanks

https://www.linkedin.com/events/7514009104252674048/"
"Jeffrey CPhT","https://www.linkedin.com/in/jeffrey-beck-cpht-7020335","Slot closed","Slot status: queued_as_campaign","queued_as_campaign","0","","","","Jeffrey, with 10+ years in oncology practice administration, I'm sure you have seen a lot over the years on the operations side of cancer care.

Thought you likely would be interested in this webinar on October 29th. We have several pretty exciting upcoming oncology research efforts, and this one studies how patients cope with cancer treatment.

Please let me know if you want to meet 1:1 to discuss the other research efforts we are involved in. We would be really excited to work with Hawaii Cancer Care in this important work. Thanks

https://www.linkedin.com/events/7514009104252674048/"
"Susan McElroy","https://www.linkedin.com/in/susan-mcelroy-972200b","MISSING from HeyReach","Server recorded the add, but HeyReach does not list this lead in the campaign.","","1","","","","Just saw the free BrainStorm screening and panel on the bipolar spectrum. What a great way to bring that conversation to the community. Thanks for the work you and Lindner Center put into it."
"Tracy Rogers, LMHC, LPC, NCC","https://www.linkedin.com/in/tracy-rogers-lmhc-lpc-ncc-5b828894","MISSING from HeyReach","Server recorded the add, but HeyReach does not list this lead in the campaign.","","1","","","","Tracy, just read what you wrote about young athletes and performance pressure. Coming from a former athlete and a mom, that really lands. Thank you for sharing something so personal."
"Thais Ortolaza","https://www.linkedin.com/in/thais-ortolaza-64751897","Delivered by HeyReach","","","1","Pending","ConnectionAccepted","None","Just saw it, one of the 100 Women of Color of 2026! Congratulations Thais, so well deserved. Grateful to be connected and to see your community work getting this kind of recognition."
"Sarah Strang","https://www.linkedin.com/in/sarah-strang-73b07611","Delivered by HeyReach","","","1","Pending","ConnectionAccepted","None","Just saw your post about YCOT being featured on KPRC 2. Congrats! Meeting youth and families right in the middle of a crisis is what community care should look like. Big moment for your team."
"Gayani DeSilva","https://www.linkedin.com/in/gayani-desilva-651962b2","Delivered by HeyReach","","","1","Pending","ConnectionAccepted","None","Just saw your post about your son's first article. What a moment to get to share, congrats to him. You must be so proud."
"Jasmine NCC","https://www.linkedin.com/in/jasmine-ray-denise","Delivered by HeyReach","","","1","Pending","ConnectionAccepted","None","Just saw the McNabb Center is expanding into job readiness services. Love that, it fits right in with building systems that actually sustain people. Congrats to you and the Chattanooga team, Jasmine!"
"Luc Josaphat, MPA, CPHQ","https://www.linkedin.com/in/luc-josaphat-mpa-cphq-80480412","Delivered by HeyReach","","","1","Pending","ConnectionAccepted","None","Just saw the Harris Center launched a Youth Crisis Outreach Team for families in crisis. Such an impactful step, and I know quality and readiness work like yours makes it possible. Congrats, Luc!"
"Rose MHA","https://www.linkedin.com/in/rose-brown-mha","Delivered by HeyReach","","","1","Pending","ConnectionAccepted","None","Just saw the news about the Health Solutions West Foundation backing psychiatry, addiction, and crisis care. That kind of support means everything for the withdrawal management and residential work you lead."
"Clay Goddard","https://www.linkedin.com/in/clay-goddard-a4820913","Delivered by HeyReach","","","1","Pending","ConnectionAccepted","None","Just saw Centerstone landed a $750k annual grant for a mobile crisis team. That is huge for crisis access in your market. Congrats on the new seat there too, Clay!"
"Todd Peters, MD","https://www.linkedin.com/in/todd-peters-md-146a48117","Delivered by HeyReach","","","1","Pending","ConnectionAccepted","None","Just saw your Suicide Prevention Month post, Todd. ""How are you really doing?"" is such a simple question and it lands exactly right. Grateful you put it out there with the resources too."
"Jarrod MD","https://www.linkedin.com/in/jarrod-marks-md-163539119","Delivered by HeyReach","","","1","Pending","ConnectionAccepted","None","Just saw Empire State Psychiatry is now in-network with Aetna in NYC. That is a real win for access to psychiatric care in the city. Congrats to you and the team, Jarrod!"
"Tami CPMA","https://www.linkedin.com/in/tami-hemond-mba-rhia-ccs-ccs-p-cpc-cemc-cpma-184691120","Delivered by HeyReach","","","1","Pending","ConnectionAccepted","None","Just saw that Rebecca Pelkey raised $212,744 for the Retreat. What an incredible show of support for the work you and your team do every day. Thank you for being part of it, Tami!"
"Stephanie Marcello, Ph.D","https://www.linkedin.com/in/stephanie-marcello-ph-d-522b46121","Delivered by HeyReach","","","1","Pending","ConnectionAccepted","None","Just read your 7 strategies for back-to-school anxiety. Simple, practical things parents can actually use. Thanks for putting that out there, Dr. Marcello."
"Sydney Brodeur-Johnson","https://www.linkedin.com/in/sydney-brodeur-johnson-2bb32315","Delivered by HeyReach","","","1","Pending","ConnectionAccepted","None","Just saw the piece on The Emily Program's work with trans kids facing eating disorders. So good to see that care getting real attention. Thank you for pushing it forward, Sydney."
"Suzanne McCormack","https://www.linkedin.com/in/suzanne-mccormack-84802816","Delivered by HeyReach","","","1","Pending","ConnectionAccepted","None","Just saw Emerson House was named one of America's Best Addiction Treatment Centers by Newsweek. Congrats, Suzanne. Your team's heart for recovery work really shows. Thanks for all you do."
"Rose Joiner","https://www.linkedin.com/in/rose-joiner-50416a134","Delivered by HeyReach","","","1","Pending","ConnectionAccepted","None","Just caught the podcast episode on TMS and treatment resistant depression. Really glad to see that conversation reaching more people. Thanks for helping get it out there, Rose!"
"Tessa Sterling, LMSW","https://www.linkedin.com/in/tessa-s-213252139","Delivered by HeyReach","","","1","Pending","ConnectionAccepted","None","Just saw the story about Blue Olson driving up to 50 miles roundtrip to get clients to their appointments. That says everything about Sanford's culture. Loved seeing it, Tessa."
"Sylvia F.","https://www.linkedin.com/in/sylviafeliciano","Delivered by HeyReach","","","1","Pending","ConnectionAccepted","None","Just saw your post for Suicide Awareness Month, Sylvia. Asking why someone feels that desperate to be seen instead of writing them off as attention seeking is so true. Thank you for saying it."
"Sarah Jenkins","https://www.linkedin.com/in/sarah-jenkins-4b201617","Delivered by HeyReach","","","1","Pending","ConnectionAccepted","None","Just saw BlueSprig made TIME's list of America's Best Private Companies 2026. Big milestone, and I imagine a lot of it traces back to the behind the scenes work you do. Congrats, Sarah!"
"Stephanie Wudarski","https://www.linkedin.com/in/stephanie-wudarski-a7239b13b","Delivered by HeyReach","","","1","Pending","ConnectionAccepted","None","Just saw New Directions opened the new clinic in McCandless. More access in that area is a real win for families up there. Congrats to you and the team, Stephanie!"
"Dr. CHPC","https://www.linkedin.com/in/pamela-kennedy-lpc-s-ncc-chpc-dbh","Delivered by HeyReach","","","1","Pending","ConnectionAccepted","None","Just saw Polaris House won the 2025 Innovative Program Award. What a well deserved honor for a clubhouse model doing that kind of work. Congrats to you and the whole team, Pamela!"
"Luis Palacios","https://www.linkedin.com/in/luis-palacios-649072160","Delivered by HeyReach","","","1","Pending","ConnectionAccepted","None","Luis, just saw Radiant highlight its LGBTQ+ health education programs. Really important work, and great to see your team out front on it. Thanks for all you do there."
"Sydney Miller","https://www.linkedin.com/in/sydney-miller-8a878a162","Delivered by HeyReach","","","1","Pending","ConnectionAccepted","None","Just saw BlueSprig on TIME's list of America's Best Private Companies. Big milestone, and it says a lot about the clinical teams behind it. Congrats, Sydney!"
"Olivia Beckman","https://www.linkedin.com/in/olivia-beckman-36b1b0167","Delivered by HeyReach","","","1","Pending","ConnectionAccepted","None","Just saw Forest View is doing 24/7 confidential mental health assessments for teens. Your intake team is on the front line of that, which is no small thing. Hope the year is treating you well, Olivia!"
"Kartiki Churi","https://www.linkedin.com/in/kartiki-c","Delivered by HeyReach","","","1","Pending","ConnectionAccepted","None","Just saw your 9NEWS interview on suicide prevention. Your point that these conversations can't wait until someone is already in crisis really landed. Thank you for speaking so openly about it."
"Preeti Sunderaraman, PhD","https://www.linkedin.com/in/preeti-sunderaraman-phd-00ba8519a","Delivered by HeyReach","","","1","Pending","ConnectionAccepted","None","Just saw your new paper on gender disparities in Alzheimer's caregiving. Women carrying the higher costs and burden rings so true. Congrats to you, Shubhi and Jinying on getting it published!"
"Susan Szulewski, MD, MBA","https://www.linkedin.com/in/susan-szulewski-md-mba-5a773622","Delivered by HeyReach","","","1","Pending","ConnectionAccepted","None","Just saw The Pavilion named one of psychiatry's top niche markets. After the work you've led on access and inpatient redesign at McLean, that recognition feels earned. Congrats to you and the team!"
"Rhea Fernandes Psy.D.","https://www.linkedin.com/in/rhea-fernandes-psy-d-2a98672","Delivered by HeyReach","","","1","Pending","ConnectionAccepted","None","Just saw your post for Direct Support Professional Recognition Week. Honoring nearly 3,000 direct care staff is something else. Thank you for making sure that work actually gets seen."
"Samantha Torres","https://www.linkedin.com/in/samantha-torres-9866171b4","Delivered by HeyReach","","","1","Pending","ConnectionAccepted","None","Just watched Amy share her SPRAVATO story from your post. Hearing a real patient name that fear out loud probably does more than any brochure ever could. Thanks for putting that out there."
"Emily Jaworski","https://www.linkedin.com/in/emily-jaworski-075b2a1b8","Delivered by HeyReach","","","1","Pending","ConnectionAccepted","None","Just heard Dr. Jasberg talk through TMS and depression on the Everyday Therapy podcast. Really cool that your team is putting that kind of insight out where patients can actually find it."
"Kristi LMFT","https://www.linkedin.com/in/kristi-grothe-ma-lmft-770989219","Delivered by HeyReach","","","1","Pending","ConnectionAccepted","None","Just saw your post on opening the doors at Pasadena Villa Outpatient in Greenwood Village. That little treat from Amy's team says everything about what makes this field special. Congrats!"
"Kristen Pearce","https://www.linkedin.com/in/kristen-pearce","Delivered by HeyReach","","","1","Pending","ConnectionAccepted","None","Just saw that Sagent stepped in to support the YMCA counselors after the Boundary Waters wildfires. That is such timely, human work. Thank you for what your team did there."
"Rita Hiatt","https://www.linkedin.com/in/ritahiatt","Delivered by HeyReach","","","1","Pending","ConnectionAccepted","None","Just saw ABS Kids opened the new center in Concord. Such good news for families getting early intervention sooner. Thanks for all you do building the systems and BCBAs behind it, Rita."
"Heerain Shah, M.D.","https://www.linkedin.com/in/heerain-shah-md","Delivered by HeyReach","","","1","Pending","ConnectionAccepted","None","Just saw Geode now takes major insurance for therapy and psychiatry. That's a big deal for access, congrats to you and the team. Great to see the mission you wrote about actually moving."
"Paula Stephenson,LMHC, CASAC-M","https://www.linkedin.com/in/paula-stephenson-lmhc-casac-m-954785231","Delivered by HeyReach","","","1","Pending","ConnectionAccepted","None","Just saw the post you shared about recovery after burnout. That line about rest being a birthright and not a reward is so good. Thanks for passing it along, Paula."
"Simon Novakovic","https://www.linkedin.com/in/simon-novakovic-177114234","Delivered by HeyReach","","","1","Pending","ConnectionAccepted","None","Just saw Lifeways is hiring more recovery support workers in Preston. Great to see the service growing, especially with your focus on quality care. Thanks for the work you and the team do."
"Robert Wilkinson","https://www.linkedin.com/in/robertlwilkinson","Delivered by HeyReach","","","1","Pending","ConnectionAccepted","None","Just saw David Lawrence Centers landed the $25K grant for wellness and interpretation services. Congrats, that's great news for the community. Glad to see access work like that getting funded."