Profile URL,First Name,Last Name,Full Name,Headline,Enriched Email,Custom Address,Job Title,Location,Company,Company URL,Tags,Auto-tag,Auto-tag Campaign Name,Auto-tag Campaign Id,Auto-tag Sender Full Name,Auto-tag Sender Id,Auto-tag Creation Time,content
https://www.linkedin.com/in/robertlwilkinson,Robert,Wilkinson,Robert Wilkinson,CFO at David Lawrence Centers | Leveraging AI and technology to drive strategic business transformation.,,,Chief Financial Officer,"Fort Myers, Florida, United States",David Lawrence Centers,https://www.linkedin.com/company/davidlawrencecenters,,,,,,,,"Just saw David Lawrence Centers landed the $25K grant for wellness and interpretation services. Congrats, that's great news for the community. Glad to see access work like that getting funded."
https://www.linkedin.com/in/simon-novakovic-177114234,Simon,Novakovic,Simon Novakovic,Regional Director,,,Regional Director,"Chesterfield, England, United Kingdom",Lifeways Group,https://www.linkedin.com/company/lifewaysgroup,,,,,,,,"Just saw Lifeways is hiring more recovery support workers in Preston. Great to see the service growing, especially with your focus on quality care. Thanks for the work you and the team do."
https://www.linkedin.com/in/paula-stephenson-lmhc-casac-m-954785231,Paula,"Stephenson,LMHC, CASAC-M","Paula Stephenson,LMHC, CASAC-M","Program Director, Samaritan Daytop Village",,,Program Director,New York City Metropolitan Area,"Samaritan Daytop Village, Inc.",,,,,,,,,"Just saw the post you shared about recovery after burnout. That line about rest being a birthright and not a reward is so good. Thanks for passing it along, Paula."
https://www.linkedin.com/in/heerain-shah-md,Heerain,M.D.,Heerain M.D.,"Co-CMO at Geode Health | Co-founder of Psychiatric Professionals of Georgia | Board-Certified Child, Adolescent & Adult Psychiatrist | Making Quality Mental Healthcare Accessible & Stigma-Free",,heerain.shah@psychiatricprofessionals.com,"Co-Chief Medical Officer, Child, Adolescent, and Adult Psychiatrist at Geode Health","Suwanee, Georgia, United States",Geode Health,https://www.linkedin.com/company/geode-health,,,,,,,,"Just saw Geode now takes major insurance for therapy and psychiatry. That's a big deal for access, congrats to you and the team. Great to see the mission you wrote about actually moving."
https://www.linkedin.com/in/ritahiatt,Rita,Hiatt,Rita Hiatt,BCBA at ABS Kids,,,Board Certified Behavior Analyst,"Rural Hall, North Carolina, United States",ABS Kids,,,,,,,,,"Just saw ABS Kids opened the new center in Concord. Such good news for families getting early intervention sooner. Thanks for all you do building the systems and BCBAs behind it, Rita."
https://www.linkedin.com/in/kristen-pearce,Kristen,Pearce,Kristen Pearce,"Social service executive with 20+ years of progressive leadership. Strong track record restabilizing a variety of healthcare industry programs. Known as a hands-on, strategic-minded professional with creative solutions to meet the needs of my staff and organization. Balances emotional intelligence and empathy with a strong drive for results.  Appreciated by staff for authenticity and desire to bring out the best in others.",,,Executive Vice President of Enterprise Operations,United States,Sagent Behavioral Health,,,,,,,,,"Just saw that Sagent stepped in to support the YMCA counselors after the Boundary Waters wildfires. That is such timely, human work. Thank you for what your team did there."
https://www.linkedin.com/in/kristi-grothe-ma-lmft-770989219,Kristi,LMFT,Kristi LMFT,Behavioral Health Leader | Marriage and Family Therapist,,,Executive Director,Denver Metropolitan Area,Pasadena Villa Outpatient,,,,,,,,,Just saw your post on opening the doors at Pasadena Villa Outpatient in Greenwood Village. That little treat from Amy's team says everything about what makes this field special. Congrats!
https://www.linkedin.com/in/emily-jaworski-075b2a1b8,Emily,Jaworski,Emily Jaworski,Regional Director of Therapy Services at Sagent Behavioral Health,,,Regional Director of Therapy Services,"Waconia, Minnesota, United States",Sagent Behavioral Health,https://www.linkedin.com/company/sagentbehavioralhealth,,,,,,,,Just heard Dr. Jasberg talk through TMS and depression on the Everyday Therapy podcast. Really cool that your team is putting that kind of insight out where patients can actually find it.
https://www.linkedin.com/in/samantha-torres-9866171b4,Samantha,Torres,Samantha Torres,Regional Director of Operations at Relief Mental Health,,,Regional Director of Operations,Greater Chicago Area,"Relief Mental Health ",,,,,,,,,Just watched Amy share her SPRAVATO story from your post. Hearing a real patient name that fear out loud probably does more than any brochure ever could. Thanks for putting that out there.
https://www.linkedin.com/in/rhea-fernandes-psy-d-2a98672,Rhea,Psy.D.,Rhea Psy.D.,Chief Operating Officer at Devereux Advanced Behavioral Health,,rhea.fernandes@devereux.org,Chief Operating Officer,"Villanova, Pennsylvania, United States",Devereux Advanced Behavioral Health,,,,,,,,,"Just saw your post for Direct Support Professional Recognition Week. Honoring nearly 3,000 direct care staff is something else. Thank you for making sure that work actually gets seen."
https://www.linkedin.com/in/susan-szulewski-md-mba-5a773622,Susan,"Szulewski, MD, MBA","Susan Szulewski, MD, MBA","President and Chief Operating Officer, McLean Hospital",,,President and Chief Operating Officer,"Belmont, Massachusetts, United States",McLean Hospital,,,,,,,,,"Just saw The Pavilion named one of psychiatry's top niche markets. After the work you've led on access and inpatient redesign at McLean, that recognition feels earned. Congrats to you and the team!"
https://www.linkedin.com/in/preeti-sunderaraman-phd-00ba8519a,Preeti,"Sunderaraman, PhD","Preeti Sunderaraman, PhD",Director of Research Memory & Aging Program at Butler Hospital Department of Psychiatry and Human Behavior at Brown University,,,Director of Research,"Providence, Rhode Island, United States",Butler Hospital | Brown University,,,Generic,ryan_connect,326030,Ryan Saliman,114682,7/30/2026 11:38:44 AM,"Just saw your new paper on gender disparities in Alzheimer's caregiving. Women carrying the higher costs and burden rings so true. Congrats to you, Shubhi and Jinying on getting it published!"
https://www.linkedin.com/in/kartiki-c,Kartiki,Churi,Kartiki Churi,"Chief Medical Officer @ Axis Integrated Mental Health | Cross-functional Team Leadership, Healthcare Management",,,Chief Medical Officer,Denver Metropolitan Area,Axis Integrated Mental Health,https://www.linkedin.com/company/axis-integrated-mental-health,,,,,,,,Just saw your 9NEWS interview on suicide prevention. Your point that these conversations can't wait until someone is already in crisis really landed. Thank you for speaking so openly about it.
https://www.linkedin.com/in/olivia-beckman-36b1b0167,Olivia,Beckman,Olivia Beckman,Director of Intake,,,Director of Intake,Grand Rapids Metropolitan Area,Forest View Hospital,https://www.linkedin.com/company/forest_view_hospital,,Generic,makenzie_connect,326021,Makenzie Sligar,126956,9/26/2026 12:24:08 AM,"Just saw Forest View is doing 24/7 confidential mental health assessments for teens. Your intake team is on the front line of that, which is no small thing. Hope the year is treating you well, Olivia!"
https://www.linkedin.com/in/sydney-miller-8a878a162,Sydney,Miller,Sydney Miller,Board Certified Behavior Analyst,,,Clinical Director,"Cumming, Georgia, United States",BlueSprig,,,,,,,,,"Just saw BlueSprig on TIME's list of America's Best Private Companies. Big milestone, and it says a lot about the clinical teams behind it. Congrats, Sydney!"
https://www.linkedin.com/in/luis-palacios-649072160,Luis,Palacios,Luis Palacios,Vice President of Healthcare Operations,,,Vice President of Healthcare Operations,"Irvine, California, United States",Radiant Health Centers,https://www.linkedin.com/company/radianthealthcenters,,,,,,,,"Luis, just saw Radiant highlight its LGBTQ+ health education programs. Really important work, and great to see your team out front on it. Thanks for all you do there."
https://www.linkedin.com/in/pamela-kennedy-lpc-s-ncc-chpc-dbh,Dr.,CHPC,Dr. CHPC,Chief Patient Experience Officer at Alaska Behavioral Health,,,Chief Patient Experience Officer,"Anchorage, Alaska, United States",Alaska Behavioral Health,,,,,,,,,"Just saw Polaris House won the 2025 Innovative Program Award. What a well deserved honor for a clubhouse model doing that kind of work. Congrats to you and the whole team, Pamela!"
https://www.linkedin.com/in/stephanie-wudarski-a7239b13b,Stephanie,Wudarski,Stephanie Wudarski,Clinical Program Lead | Behavioral Health Services,,,Program Manager,Greater Pittsburgh Region,Community Care Behavioral Health Organization,,,,,,,,,"Just saw New Directions opened the new clinic in McCandless. More access in that area is a real win for families up there. Congrats to you and the team, Stephanie!"
https://www.linkedin.com/in/sarah-jenkins-4b201617,Sarah,Jenkins,Sarah Jenkins,Strategic Healthcare Operations and M&A Integration | Operational Excellence 30-60-90 Playbooks | Chief of Staff Execution Insight | Song Writer,,,Chief Of Staff,"Bullard, Texas, United States",BlueSprig,,,,,,,,,"Just saw BlueSprig made TIME's list of America's Best Private Companies 2026. Big milestone, and I imagine a lot of it traces back to the behind the scenes work you do. Congrats, Sarah!"
https://www.linkedin.com/in/sylviafeliciano,Sylvia,F.,Sylvia F.,"Founder & Owner of Solace Mind®, LLC, a stress management, mental and physical wellness and trauma-informed practice. Suicide and crisis intervention certified. Marine Corps Veteran, Corporate Wellness Strategic Advisor and Consultant with over 15+ years of public service within compliance, audit-readiness, change management, operations, business process improvement, policy development and analysis, training, and workforce development using an equity lens.",,sylvia@thesolacemind.com,"Owner, Certified Life Coach, Wellness & Stress Management Director, Crisis Intervention Specialist",United States,Solace Mind®,https://www.linkedin.com/company/city-of-seattle,,Generic,ryan_connect,326030,Ryan Saliman,114682,8/6/2026 1:38:30 AM,"Just saw your post for Suicide Awareness Month, Sylvia. Asking why someone feels that desperate to be seen instead of writing them off as attention seeking is so true. Thank you for saying it."
https://www.linkedin.com/in/tessa-s-213252139,Tessa,"Sterling, LMSW","Tessa Sterling, LMSW",Behavioral Health Leader | Clinical Director | Program Development & Growth,,,Clinical Director,"Grand Rapids, Michigan, United States",Sanford Behavioral Health,,,,,,,,,"Just saw the story about Blue Olson driving up to 50 miles roundtrip to get clients to their appointments. That says everything about Sanford's culture. Loved seeing it, Tessa."
https://www.linkedin.com/in/rose-joiner-50416a134,Rose,Joiner,Rose Joiner,Clinical Operations Director-Maplewood and Woodbury,,,Clinical Operations Director-Maplewood and Woodbury,"St Paul, Minnesota, United States",Sagent Behavioral Health,https://www.linkedin.com/company/sagentbehavioralhealth,,,,,,,,"Just caught the podcast episode on TMS and treatment resistant depression. Really glad to see that conversation reaching more people. Thanks for helping get it out there, Rose!"
https://www.linkedin.com/in/suzanne-mccormack-84802816,Suzanne,McCormack,Suzanne McCormack,Senior Director of Continuum Care Services,,,Director Behavioral Health Justice Involved and Community Support Programs,"Sandwich, Massachusetts, United States","Gosnold, Inc.",,,,,,,,,"Just saw Emerson House was named one of America's Best Addiction Treatment Centers by Newsweek. Congrats, Suzanne. Your team's heart for recovery work really shows. Thanks for all you do."
https://www.linkedin.com/in/sydney-brodeur-johnson-2bb32315,Sydney,Brodeur-Johnson,Sydney Brodeur-Johnson,"Vice President, Clinical Services and Equity, Diversity & Inclusion at The Emily Program",,,"Vice President, Clinical Services and Equity, Diversity, and Inclusion","Richmond, Virginia, United States",The Emily Program,,,,,,,,,"Just saw the piece on The Emily Program's work with trans kids facing eating disorders. So good to see that care getting real attention. Thank you for pushing it forward, Sydney."
https://www.linkedin.com/in/stephanie-marcello-ph-d-522b46121,Stephanie,"Marcello, Ph.D","Stephanie Marcello, Ph.D","Stephanie Marcello leads the Institute in its mission to develop the behavioral health workforce. Dr. Marcello is actively involved in the design and delivery of the Institute’s trainings, conferences and consultation and workforce development for UBHC staff through the Institute’s Center for Continuing Education. She serves as Chief Psychologist for Rutgers UBHC, Director of the Psychology Internship Program for doctoral students and chair of UBHC’s Trauma-Informed Care Committee.  Dr. Marcello has certifications in Cognitive Behavioral Therapy from the Academy of Cognitive Therapy and is member of Motivational Interviewing Network of Trainers (MINT). She is an expert in working with people who manage posttraumatic stress disorder, the disease of addiction, and serious mental illness. Dr. Marcello has directly supervised staff in how to use best practices in behavioral health, has conducted research in these topics, published in many peer-reviewed journals, and presented her work at several national forums. Her research interests include self-care of professionals working in the behavioral health field. She received her PhD from Temple University, completed a pre-doctoral internship at Trenton Psychiatric Hospital and a post-doctoral fellowship in the Division of Schizophrenia Research at UBHC.",,stephanie.marcello@rutgers.edu,"Director, Chief Psychologist",New York City Metropolitan Area,Rutgers University Behavioral Health Care,,,,,,,,,"Just read your 7 strategies for back-to-school anxiety. Simple, practical things parents can actually use. Thanks for putting that out there, Dr. Marcello."
https://www.linkedin.com/in/tami-hemond-mba-rhia-ccs-ccs-p-cpc-cemc-cpma-184691120,Tami,CPMA,Tami CPMA,"Director, Medical Coding and HIM",,,Director of HIM and Coding,"Brattleboro, Vermont, United States",Brattleboro Retreat,,,,,,,,,"Just saw that Rebecca Pelkey raised $212,744 for the Retreat. What an incredible show of support for the work you and your team do every day. Thank you for being part of it, Tami!"
https://www.linkedin.com/in/jarrod-marks-md-163539119,Jarrod,MD,Jarrod MD,Founder | Empire State Psychiatry,,jmarks@espsych.com,Clinical Assistant Professor,"New York, New York, United States",SUNY UPSTATE MEDICAL CENTER,https://www.linkedin.com/company/empire-state-psychiatry,,,,,,,,"Just saw Empire State Psychiatry is now in-network with Aetna in NYC. That is a real win for access to psychiatric care in the city. Congrats to you and the team, Jarrod!"
https://www.linkedin.com/in/todd-peters-md-146a48117,Todd,"Peters, MD","Todd Peters, MD",Senior Vice President/Chief Medical Officer (CMO) and Chief Medical Information Officer (CMIO) at Sheppard Pratt,,tpeters@sheppardpratt.org,Senior Vice President/Chief Medical Officer (CMO) and Chief Medical Information Officer (CMIO),"Towson, Maryland, United States",Sheppard Pratt,https://www.linkedin.com/company/sheppard-pratt,,,,,,,,"Just saw your Suicide Prevention Month post, Todd. ""How are you really doing?"" is such a simple question and it lands exactly right. Grateful you put it out there with the resources too."
https://www.linkedin.com/in/clay-goddard-a4820913,Clay,Goddard,Clay Goddard,"Market President, Centerstone",,,Market President,"Springfield, Missouri, United States",Centerstone,,,Interested,makenzie_connect,326021,Makenzie Sligar,126956,6/23/2026 3:11:49 PM,"Just saw Centerstone landed a $750k annual grant for a mobile crisis team. That is huge for crisis access in your market. Congrats on the new seat there too, Clay!"
https://www.linkedin.com/in/rose-brown-mha,Rose,MHA,Rose MHA,Hospital Administrator at Mind Springs Health & West Springs Hospital,,,"Director of Operations, Withdrawal Management and Residential Services","Grand Junction, CO",Health Solutions West,,,,,,,,,"Just saw the news about the Health Solutions West Foundation backing psychiatry, addiction, and crisis care. That kind of support means everything for the withdrawal management and residential work you lead."
https://www.linkedin.com/in/luc-josaphat-mpa-cphq-80480412,Luc,CPHQ,Luc CPHQ,Enterprise Behavioral Health Quality & Accreditation Executive | System Transformation | Board-Ready Leader,,,Director Of Quality Assurance,"Houston, TX",The Harris Center for Mental Health and IDD,,,,,,,,,"Just saw the Harris Center launched a Youth Crisis Outreach Team for families in crisis. Such an impactful step, and I know quality and readiness work like yours makes it possible. Congrats, Luc!"
https://www.linkedin.com/in/jasmine-ray-denise,Jasmine,NCC,Jasmine NCC,Clinical Director | Mental Health Strategist | Legacy Builder,,,Director of Greater Chattanooga Services,"Chattanooga, Tennessee, United States",Helen Ross McNabb Center,,,,,,,,,"Just saw the McNabb Center is expanding into job readiness services. Love that, it fits right in with building systems that actually sustain people. Congrats to you and the Chattanooga team, Jasmine!"
https://www.linkedin.com/in/gayani-desilva-651962b2,Gayani,DeSilva,Gayani DeSilva,"Child and Adolescent Psychiatrist, leader, educator, media contributor, author and mother.",,gayani.desilva@inlandpsych.com,Child and Adolescent Psychiatrist,"Yorba Linda, California, United States",Inland Psychiatric Medical Group,https://www.linkedin.com/company/inland-psychiatric-med-group,,Generic,ryan_connect,326030,Ryan Saliman,114682,7/30/2026 10:58:15 PM,"Just saw your post about your son's first article. What a moment to get to share, congrats to him. You must be so proud."
https://www.linkedin.com/in/sarah-strang-73b07611,Sarah,Strang,Sarah Strang,"As the Mobile Crisis Outreach Team  (MCOT) and Youth Crisis Outreach Team Director (YCOT) at The Harris Center for Mental Health and IDD, I oversee the operations and performance of a multidisciplinary team that provides crisis intervention, assessment, stabilization, and referral services to individuals experiencing mental health emergencies in the community. I have been in this role since December 2017, and have more than ten years of experience in leading and managing crisis response programs and teams.I am also a licensed professional counselor (LPC) with a specialization in addiction and substance abuse, sexual trauma and PTSD, and working with veterans. I have been providing counseling services to individuals, couples, and families for over 20 years, helping them to reach their full potential and find inner happiness. I believe in treating people with respect, empathy, and dignity, and empowering them to overcome their challenges and achieve their goals. In addition, I have been a swim lesson instructor and coach for over 30 years, teaching swimming to children and adults of all ages and abilities. I am passionate about sharing my love of the water and encouraging others to enjoy its benefits for physical and mental health.",,,The Harris Center Resiliency Director,Greater Houston,The Harris Center for Mental Health and IDD,,,,,,,,,Just saw your post about YCOT being featured on KPRC 2. Congrats! Meeting youth and families right in the middle of a crisis is what community care should look like. Big moment for your team.
https://www.linkedin.com/in/thais-ortolaza-64751897,Thais,Ortolaza,Thais Ortolaza,LCSW,,,"Clinical Director of Community Operations ","Hartford, Connecticut, United States","Community Mental Health Affiliates, Inc. (CMHA)",,,Generic,ryan_connect,326030,Ryan Saliman,114682,4/6/2026 12:04:17 PM,"Just saw it, one of the 100 Women of Color of 2026! Congratulations Thais, so well deserved. Grateful to be connected and to see your community work getting this kind of recognition."
https://www.linkedin.com/in/tracy-rogers-lmhc-lpc-ncc-5b828894,Tracy,"Rogers, LMHC, LPC, NCC","Tracy Rogers, LMHC, LPC, NCC","Healthcare & Hospital Executive with record of translating excellent clinical care into strong financial performance. Background includes serving as CEO of hospital and driving significant growth in EBITDA, census, and patient safety. Expertise in instilling a culture of operational excellence and leading organizational change to improve margins, patient access, and quality of care. Skilled in building relationships with physicians, administrators,staff, and other stakeholders and breaking down communication silos.  Core Competencies: • Operations Management • P&L Management • Revenue Cycle Management • Business Development • Team Building & Leadership • Staff Mentoring & Coaching • Managed Care Contracts • Clinical Programs • Admissions Management • Process Improvement • Leadership Development • Evidence-based Treatment • Denial Prevention • Clinical Best Practices • Payer Relations • Reporting",,,Chief Executive Officer,Greater Tampa Bay Area,Sanford Behavioral Health,https://www.linkedin.com/company/sanford-behavioral-health,,,,,,,,"Tracy, just read what you wrote about young athletes and performance pressure. Coming from a former athlete and a mom, that really lands. Thank you for sharing something so personal."
https://www.linkedin.com/in/susan-mcelroy-972200b,Susan,McElroy,Susan McElroy,Chief Research Officer at Lindner Center of HOPE,,,Chief Research Officer,"Mason, Ohio, United States",Lindner Center of HOPE,,,,,,,,,Just saw the free BrainStorm screening and panel on the bipolar spectrum. What a great way to bring that conversation to the community. Thanks for the work you and Lindner Center put into it.
https://www.linkedin.com/in/stephanie-valente-7942b044,Stephanie,Valente,Stephanie Valente,"Breast Surgeon at Cleveland Clinic - Medical Director of West Region Cleveland Clinic Breast Program, Surgical Director of Strongsville ASC, Director Breast Surgical Oncology Fellowship",,,Director of Surgical Services at Cleveland Clinic Strongsville Ambulatory Surgery Center,"Cleveland, Ohio, United States",Cleveland Clinic,https://www.linkedin.com/company/cleveland-clinic,,,,,,,,"Hi Stephanie, I appreciate everything you are building on the breast side at Cleveland Clinic. From the West Region program to the breast surgical oncology fellowship. Fascinating range of work.  Thought you likely would be interested in this webinar on October 29th. We have several pretty exciting upcoming oncology research efforts.  Please let me know if you want to meet 1:1. I would love to discuss the other research efforts we are involved in. We would be really excited to work with the Cleveland Clinic breast program in this important work. Thanks  https://www.linkedin.com/events/7514009104252674048/"
https://www.linkedin.com/in/ted-james-md-mhcm,Ted,"James, MD, MHCM","Ted James, MD, MHCM","Physician executive and advisor with more than 20 years in healthcare innovation, including emerging health technologies, oncology life sciences, and cancer service line leadership. Experience as a founder and CMO with successful FDA approval and public company listing.",,,"System Physician Executive, Cancer Institute ",United States,Endeavor Health,https://www.linkedin.com/company/endeavor-health,,,,,,,,"Leading strategy and care transformation across the Endeavor Cancer Institute, with your breast surgical oncology background, is a fascinating combination.  Thought you might be interested in this webinar on October 29th. It covers one of our projects studying how patients cope with cancer treatment. We also have several exciting upcoming oncology research efforts.  Let me know if you'd like to meet 1:1 to discuss the other research efforts we are involved in. We would be excited to work with the Endeavor Cancer Institute in this important work. Thanks  https://www.linkedin.com/events/7514009104252674048/"
https://www.linkedin.com/in/nicole-mitchell-mha-rt-r-0402498,Nicole,RT(R),Nicole RT(R),Senior Director Imaging and Procedure Suite,,,Senior Director,"Olympia, Washington, United States",Fred Hutch,,,,,,,,,You lead imaging and the procedure suite at Fred Hutch. That puts you right where the patient experience is really felt.  Thought you might be interested in this webinar on October 29th. It covers one of our projects studying how patients cope with cancer treatment. We also have several exciting upcoming oncology research efforts.  Let me know if you want to meet 1:1 to discuss those efforts. We would be excited to work with Fred Hutch on this important work. Thanks  https://www.linkedin.com/events/7514009104252674048/
https://www.linkedin.com/in/rajesh-behl-8913076,Rajesh,Behl,Rajesh Behl,"Medical Oncologist, Epic Care",,,Medical Oncologist-  Director of Advanced Therapeutics and Research,"Berkeley, California, United States",Epic Care - Partners in Comprehensive Care,https://www.linkedin.com/company/epic-care,,,,,,,,You lead advanced therapeutics and research at Epic Care. I thought of you right away.  Thought you might be interested in this webinar on October 29th. It covers one of our projects studying how patients cope with cancer treatment. We also have several exciting upcoming oncology research efforts.  Let me know if you want to meet 1:1 to discuss those efforts. We would be excited to work with Epic Care on this important work. Thanks  https://www.linkedin.com/events/7514009104252674048/
https://www.linkedin.com/in/felesha-marsland-86144b222,Felesha,Marsland,Felesha Marsland,--,,,Executive Administrative Assistant,,Broome Oncology LLC,,,,,,,,,I just saw your post about that medical team keeping their composure during the earthquake. Fascinating to read.  Thought you might be interested in this webinar on October 29th. It covers one of our projects studying how patients cope with cancer treatment. We also have several exciting upcoming oncology research efforts.  Let me know if you want to meet 1:1 to discuss those efforts. We would be excited to work with Broome Oncology on this important work. Thanks  https://www.linkedin.com/events/7514009104252674048/
https://www.linkedin.com/in/ronan-kelly-md-mba-fasco-5b0a6053,Ronan,"Kelly MD, MBA, FASCO","Ronan Kelly MD, MBA, FASCO","Director of Oncology at the Charles A. Sammons Cancer Center, W.W. Caruth, Jr. Chair in Immunology and Director of Scientific Discovery and Precision Medicine at Baylor University Medical Center Dallas",,,"Director of Scientific Discovery ","Dallas, Texas, United States","Baylor University Medical Center ",,,,,,,,,Your combination of scientific discovery and precision medicine leadership at Sammons is fascinating. The interception work you founded especially stands out.  Thought you might be interested in this webinar on October 29th. It covers one of our projects studying how patients cope with cancer treatment. We also have several exciting upcoming oncology research efforts.  Let me know if you want to meet 1:1 to discuss those efforts. We would be excited to work with the Sammons team on this important work. Thanks  https://www.linkedin.com/events/7514009104252674048/
https://www.linkedin.com/in/martin-sucari-77671a2,Martin,Sucari,Martin Sucari,Latam Corporate Business Development at 21st Century Oncology,,,CFO & COO,Argentina,INTERNATIONAL ONCOLOGY CARE - IOC (formerly 21st Century Oncology),,,,,,,,,I appreciate the scale of what you are building at IOC. The operations and finance side of oncology care across Latam is impressive.  Thought you likely would be interested in this webinar on October 29th. It covers one of our projects studying how patients cope with cancer treatment. We also have several pretty exciting upcoming oncology research efforts.  Please let me know if you want to meet 1:1 to discuss the other research efforts we are involved in. We would be really excited to work with the IOC team in this important work. Thanks  https://www.linkedin.com/events/7514009104252674048/
https://www.linkedin.com/in/carolinekotchevar,Caroline,Kotchevar,Caroline Kotchevar,"RN, BSN, OCN",,,Registered Nurse,,CONTRA COSTA ONCOLOGY,,,,,,,,,"Hi Caroline, thought you likely would be interested in this webinar on October 29th. We have several pretty exciting upcoming oncology research efforts. This one studies how patients cope with cancer treatment. That is right in the middle of the nursing experience.  Please let me know if you want to meet 1:1 to discuss the other research efforts we are involved in. We would be really excited to work with Contra Costa Oncology in this important work. Thanks  https://www.linkedin.com/events/7514009104252674048/"
https://www.linkedin.com/in/sandy-pollock,Sandy,"Pollock, BSN, RN, OCN, CCRP","Sandy Pollock, BSN, RN, OCN, CCRP","Director, Clinical Operations | Oncology Research NC (CLT) & GA | Atrium Health Levine Cancer",,,"Director, Clinical Operations | Oncology Research NC (CLT) & GA","Charlotte, North Carolina, United States","Atrium Health, Levine Cancer",,,,,,,,,"Hi Sandy, I appreciate the trial work you and your team are running across Charlotte and Georgia. Keeping oncology research operations moving in two states is fascinating to me.  Thought you likely would be interested in this webinar on October 29th. We have several pretty exciting upcoming oncology research efforts. This one studies how patients cope with cancer treatment.  Please let me know if you want to meet 1:1 to discuss the other research efforts we are involved in. We would be really excited to work with Levine Cancer in this important work. Thanks  https://www.linkedin.com/events/7514009104252674048/"
https://www.linkedin.com/in/mark-walshauser,Mark,"Walshauser MD, FACP, FASCO","Mark Walshauser MD, FACP, FASCO","Medical Oncologist and Partner at Cancer Care Specialists of Illinois,S.C.",,,Hematologist/Oncologist,"O'Fallon, Illinois, United States",Cancer Care Specialists of IL,,,,,,,,,Thought you likely would be interested in this webinar on October 29th. We have several pretty exciting upcoming oncology research efforts. This one looks at how patients cope with cancer treatment.  Please let me know if you want to meet 1:1 to discuss the other research efforts we are involved in. We would be really excited to work with Cancer Care Specialists in this important work. Thanks  https://www.linkedin.com/events/7514009104252674048/
https://www.linkedin.com/in/wendy-pritchett,Wendy,Pritchett,Wendy Pritchett,Transforming Cancer Care Delivery | High-Performance Team Leadership | Strategic Partnerships & Growth,,,Director Patient Care Services- Site Oncology,"Basking Ridge, New Jersey, United States",Hackensack Meridian Health,,,,,,,,,"Hi Wendy, awesome to see Hackensack Meridian recognized by Becker's for its oncology programs, especially John Theurer. Well deserved for your team.  Thought you likely would be interested in this webinar on October 29th. We have several pretty exciting upcoming oncology research efforts. This one studies how patients cope with cancer treatment.  Please let me know if you want to meet 1:1 to discuss the other research efforts we are involved in. We would be really excited to work with the Hackensack oncology team in this important work. Thanks  https://www.linkedin.com/events/7514009104252674048/"
https://www.linkedin.com/in/matthew-wetherhold,Matthew,"Wetherhold, MS, PA-C, DFAAPA","Matthew Wetherhold, MS, PA-C, DFAAPA","Experienced, highly trained Surgical Physician Assistant with over 20 years of experience in Reconstructive Plastic Surgery and Microsurgery, while also serving as a healthcare leader in my role as Lead APP for the Department of Surgery. I am a driven individual with valuable medical expertise and a proven track record in both clinical practice and advancing healthcare operations.  Known for my forward-thinking approach and high emotional intelligence, I am dedicated to providing exceptional patient care while fostering collaboration among patients, healthcare teams, and organizational leadership. With a wealth of experience, I excel in communication with diverse stakeholders, including patients, healthcare professionals, organizations, media, industry peers, and key opinion leaders.",,,Lead Advanced Practice Provider (APP) – Department of Surgery,Greater Philadelphia,Fox Chase Cancer Center,,,Interested,ryan_connect,326030,Ryan Saliman,114682,6/5/2026 11:55:07 AM,"Hi Matt, apologies for the slow answer to your question. I think this fell off Taylor's calendar and I did not follow up well either. Sorry about that!  We run a biopharma funded oncology outcomes collaborative. The conversation would be about how patients experience and cope with cancer treatment, and where Fox Chase might want to be involved.  I was looking at your profile because I thought you likely would be interested in this webinar on October 29th. It covers one of those projects. We have several pretty exciting upcoming oncology research efforts.  Please let me know if you want to meet 1:1 to discuss the other research efforts we are involved in. We would be really excited to work with Fox Chase in this important work. Thanks  https://www.linkedin.com/events/7514009104252674048/"
https://www.linkedin.com/in/xueluliu,Xuelu (Jeff),"Liu PMP®, CSM","Xuelu (Jeff) Liu PMP®, CSM","Results-driven, PMP-certified leader with deep expertise in IT, genomics, multimodal data integration, AI, and strong project and product management experience. Known for inclusive leadership, cross-functional collaboration, and building high-performing teams. Brings strategic and visionary thinking, execution excellence, and a culture of trust, backed by a proven track record of delivering impactful solutions and automation in cancer care and research.",,,"Director, Data Management & Strategy","Boston, Massachusetts, United States",Dana-Farber Cancer Institute,https://www.linkedin.com/company/dana-farber-cancer-institute,,,,,,,,"Hi Jeff, your work pulling genomics and multimodal data together for cancer care and research is fascinating.  Thought you'd be interested in this webinar on October 29th. We have several exciting upcoming oncology research efforts. This one studies how patients cope with cancer treatment.  Let me know if you'd like to meet 1:1 to discuss the other research efforts we're involved in. We'd be really excited to work with Dana-Farber in this important work. Thanks  https://www.linkedin.com/events/7514009104252674048/"
https://www.linkedin.com/in/anthony-martin-93a80a227,Anthony,Martin,Anthony Martin,Certified Medical Dosimetrist,,,Medical Dosimetrist,,Coastal Cancer Center,,,,,,,,,"Hi Anthony, I appreciate you connecting earlier.  Thought you likely would be interested in this webinar on October 29th. We have several pretty exciting upcoming oncology research efforts. This one studies how patients cope with cancer treatment.  Please let me know if you want to meet 1:1 to discuss the other research efforts we are involved in. We would be really excited to work with Coastal Cancer Center in this important work. Thanks  https://www.linkedin.com/events/7514009104252674048/"
https://www.linkedin.com/in/ali-madani-84a34846,ali,madani,ali madani,Hematology and Medical Oncology specialist,,ali.madani@ohmygreen.com,CEO and owner,"Tucson, Arizona, United States",AM ONCOLOGY PC,,,Interested,Makenzie Quick Message,472583,Makenzie Sligar,126956,6/17/2026 11:11:41 PM,"Thought you likely would be interested in this webinar on October 29th. We have several pretty exciting upcoming oncology research efforts. This one studies how patients cope with cancer treatment. No need to do anything with it, just sharing in case it is useful.  Please let me know if you ever want to meet 1:1 to discuss the other research efforts we are involved in. We would be really excited to work with AM Oncology in this important work. Thanks  https://www.linkedin.com/events/7514009104252674048/"
https://www.linkedin.com/in/kenji-myint-phd-dabr-abba6749,Kenji,"Myint, PhD, DABR","Kenji Myint, PhD, DABR",Chief of Physics & Dosimetry,,dmyint@hoacny.com,"Chief of Physics & Dosimetry, RSO","Syracuse, New York, United States",Hematology/Oncology Associates of CNY,https://www.linkedin.com/company/hematology-oncology-associates-of-cny,,,,,,,,"Kenji, I appreciate you putting up with my notes. Running physics, dosimetry, and the RSO role is a lot. Doing it for a practice as busy as Hematology/Oncology Associates is no small load.  Thought you likely would be interested in this webinar on October 29th. We have several pretty exciting upcoming oncology research efforts.  Please let me know if you want to meet 1:1 to discuss the other research efforts we are involved in. We would be really excited to work with HOACNY in this important work. Thanks  https://www.linkedin.com/events/7514009104252674048/"
https://www.linkedin.com/in/tahanidweikat,Tahani,CGNC,Tahani CGNC,"Director, Clinical Research Unit - Ambulatory, Clinical Trials Hematology Research Operations | Clinical Nurse Specialist CNS-APRN | Nurse Consultant | City of Hope Comprehensive Cancer Center",,,"Director [Interim] Clinical Research Unit (CRU), Hematology & Cellular Therapy Research Operations","Los Angeles, California, United States",City of Hope,,,,,,,,,"Over 22 years in oncology nursing leadership. Now leading the clinical research unit for hematology and cellular therapies at City of Hope. I appreciate how much of that work is about keeping trial patients cared for, not just enrolled.  Thought you likely would be interested in this webinar on October 29th. We have several pretty exciting upcoming oncology research efforts.  Please let me know if you want to meet 1:1 to discuss the other research efforts we are involved in. We would be really excited to work with City of Hope in this important work. Thanks  https://www.linkedin.com/events/7514009104252674048/"
https://www.linkedin.com/in/kevin-cao-66019859,Kevin,Cao,Kevin Cao,General Cardiologist/Medical Director of Cardio-Oncology at Lee Health,,,Medical Director of Cardio-Oncology,"Fort Myers, Florida, United States",Lee Health,https://www.linkedin.com/company/lee-health,,,,,,,,Your focus on chemotherapy induced cardiovascular dysfunction caught my eye. You're leading cardio-oncology at Lee Health. Fascinating space. One that cancer patients really need someone paying attention to.  Thought you likely would be interested in this webinar on October 29th. We have several pretty exciting upcoming oncology research efforts.  Please let me know if you want to meet 1:1 to discuss the other research efforts we are involved in. We would be really excited to work with Lee Health in this important work. Thanks  https://www.linkedin.com/events/7514009104252674048/
https://www.linkedin.com/in/miranda-o’rourke-pharm-d-bcop-bcps-67114490,Miranda,BCPS,Miranda BCPS,"Director of Oncology Pharmacy and Investigational Drug Services, Hartford Healthcare",,,System Director of Oncology Pharmacy,Greater Hartford,Hartford HealthCare,,,,,,,,,Saw Hartford HealthCare's new cancer center in Wallingford. It brings advanced care closer to home for patients in the region. Awesome step.  Thought you might be interested in this webinar on October 29th. We have several exciting oncology research efforts coming up.  Let me know if you want to meet 1:1 to discuss the other research efforts we are involved in. We would be excited to work with Hartford HealthCare on this important work. Thanks  https://www.linkedin.com/events/7514009104252674048/
https://www.linkedin.com/in/natasha-holt-mba-ccrp-31807a8,Natasha,"Holt, MBA, CCRP","Natasha Holt, MBA, CCRP",Practice Director at Blue Ridge Cancer Care,,,Practice Director,"Roanoke, Virginia, United States",BLUE RIDGE CANCER CARE,https://www.linkedin.com/company/blue-ridge-cancer-care,,,,,,,,Found that you came up through research operations at Blue Ridge before stepping into the Practice Director role. A practice leader with that research background is pretty rare. I appreciate what that must mean for your patients.  Thought you likely would be interested in this webinar on October 29th. We have several pretty exciting upcoming oncology research efforts.  Please let me know if you want to meet 1:1 to discuss the other research efforts we are involved in. We would be really excited to work with Blue Ridge in this important work. Thanks  https://www.linkedin.com/events/7514009104252674048/
https://www.linkedin.com/in/wilfred-dela-cruz-09629257,Wilfred,dela Cruz,Wilfred dela Cruz,"Dedicated physician-scientist, educator, and retired military officer (USAF Colonel) and medical leader with extensive experience in hematology, oncology, internal medicine, and medical education. Served as Staff Physician and Core Teaching Faculty at Brooke Army Medical Center, I provided specialty care while mentoring and training the next generation of physicians. As Associate Program Director (Research) at SAUSHEC, I guided trainees in developing impactful research projects that align with military readiness and service requirements.Beyond clinical practice, I have held key leadership roles, including Medicine Chair at Wilford Hall and Hematology-Oncology Consultant to the U.S. Air Force Surgeon General. I have contributed to national oncology initiatives as a member of the ASCO Quality Care Committee and have a strong background in translational research, with numerous peer-reviewed publications.With a passion for innovation in oncology, I integrate research, clinical excellence, and mentorship to drive advancements in cancer care. I am also an advocate for quality improvement and interdisciplinary collaboration, ensuring military and civilian patients receive the highest standard of care.Board-certified in Internal Medicine, Hematology, and Medical Oncology, I held academic appointments at Uniformed Services University and UT Health San Antonio. My career is defined by a commitment to medical education, research, and service—both to my patients and to the broader healthcare community.",,,Medical Oncologist and Hematologist,Las Vegas Metropolitan Area,Intermountain Health,,,,,,,,,Saw that Intermountain is putting $50 million toward Nevada's first comprehensive children's hospital. Awesome to see that kind of commitment to the region.  Thought you likely would be interested in this webinar on October 29th. We have several pretty exciting upcoming oncology research efforts.  Please let me know if you want to meet 1:1 to discuss the other research efforts we are involved in. We would be really excited to work with Intermountain in this important work. Thanks  https://www.linkedin.com/events/7514009104252674048/
https://www.linkedin.com/in/rene-tun-b39418246,Rene,Tun,Rene Tun,Director of Research Operations,,,Director of Research Operations,"Los Alamitos, California, United States",CANCER AND BLOOD SPECIALTY CLINIC,,,,,,,,,"Rene, running research operations in a community oncology clinic means keeping trials moving while patients are right there in the chair. I appreciate how much that takes.  Thought you likely would be interested in this webinar on October 29th. We have several pretty exciting upcoming oncology research efforts.  Please let me know if you want to meet 1:1 to discuss the other research efforts we are involved in. We would be really excited to work with Cancer and Blood Specialty Clinic in this important work. Thanks  https://www.linkedin.com/events/7514009104252674048/"
https://www.linkedin.com/in/kimberly-wallin-95338974,Kimberly,Wallin,Kimberly Wallin,"MSN, RN, OCN at Central Care Cancer Center",,kimw@cccancer.com,Chief Nursing Officer,"Bolivar, Missouri, United States",Central Care Cancer Center,,,,,,,,,"Kimberly, going from infusion nurse to CNO at Central Care, with your OCN on top of it, means you have seen that patient experience from every angle. I appreciate that kind of leadership in oncology nursing.  Thought you likely would be interested in this webinar on October 29th. We have several pretty exciting upcoming oncology research efforts.  Please let me know if you want to meet 1:1 to discuss the other research efforts we are involved in. We would be really excited to work with the Central Care team in this important work. Thanks  https://www.linkedin.com/events/7514009104252674048/"
https://www.linkedin.com/in/frank-andrew-b49040346,Frank,Andrew,Frank Andrew,Radiation Oncologist at Cancer Center of Sarasota-Manatee,,,Radiation Oncologist,,Cancer Center of Sarasota-Manatee,,,,,,,,,"Frank, your interest in how AI and machine learning can reshape radiation oncology is fascinating. Especially the push to make treatment more personalized for each patient.  Thought you'd be interested in this webinar on October 29th. We have several exciting upcoming oncology research efforts.  Let me know if you want to meet 1:1 to discuss the other research efforts we are involved in. We'd be excited to work with the Sarasota-Manatee cancer center. Thanks  https://www.linkedin.com/events/7514009104252674048/"
https://www.linkedin.com/in/wes-england-2b2690b3,Wes,England,Wes England,Cancer Center Manager at Mercy Health Springfield Regional Cancer Center,,,Cancer Center Manager,"Farmersville, Ohio, United States",Bon Secours Mercy Health,,,,,,,,,"Wes, you went from radiation therapist to running the Springfield Regional Cancer Center. That says a lot about how well you know the patient journey. I appreciate the work you and your team do there.  Thought you'd be interested in this webinar on October 29th. We have several exciting upcoming oncology research efforts.  Let me know if you want to meet 1:1 to discuss the other research efforts we are involved in. We'd be excited to work with the Springfield cancer center team. Thanks  https://www.linkedin.com/events/7514009104252674048/"
https://www.linkedin.com/in/ronaldjandro,Ronald J.,"Andro, MSHES, MSHSM, BSN, RN","Ronald J. Andro, MSHES, MSHSM, BSN, RN","Interim President, City of Hope Atlanta",,,Interim President,Greater Pittsburgh Region,City of Hope Atlanta,,,,,,,,,"Ron, your path from Roswell Park to leading City of Hope Atlanta is fascinating. Sure you have seen a lot across cancer care over the years.  Thought you likely would be interested in this webinar on October 29th. We have several pretty exciting upcoming oncology research efforts. This one studies how patients cope with cancer treatment.  Please let me know if you want to meet 1:1 to discuss the other research efforts we are involved in. We would be really excited to work with City of Hope Atlanta in this important work. Thanks  https://www.linkedin.com/events/7514009104252674048/"
https://www.linkedin.com/in/tulika-ranjan-9b52269,Tulika,Ranjan,Tulika Ranjan,"Neuro-Oncologist, Researcher I",,,"Director Neuro-Oncology, Operations","Tampa, Florida, United States",Dartmouth Hitchcock Medical Center and Clinics,,,,,,,,,"Dr. Ranjan, your neuro-oncology work at Dartmouth is fascinating. The recurrent GBM survival gains are impressive.  Thought you'd be interested in this webinar on October 29th. We have several exciting upcoming oncology research efforts. This one studies how patients cope with cancer treatment.  Let me know if you'd like to meet 1:1 to discuss our other research efforts. We'd be excited to work with Dartmouth on this important work. Thanks  https://www.linkedin.com/events/7514009104252674048/"
https://www.linkedin.com/in/mary-c-shields-335b9912,Mary C.,Shields,Mary C. Shields,Executive Director [National] Site Operations at City of Hope Comprehensive Cancer Center,,,Executive Director,"Buckeye, Arizona, United States",City of Hope Comprehensive Cancer Center,https://www.linkedin.com/company/city-of-hope-comprehensive-cancer-center,,Interested,jean_connect,326032,Jean Paty,115040,5/1/2026 7:44:59 PM,"Just found the recent study with City of Hope researchers. It links sweet foods, antibiotics, and gut imbalance in cancer patients. Fascinating work coming out of your team.  Thought you'd be interested in this webinar on October 29th. We have several exciting upcoming oncology research efforts. This one studies how patients cope with cancer treatment.  Let me know if you'd like to meet 1:1 to discuss our other research efforts. We'd be excited to work with City of Hope on this important work. Thanks  https://www.linkedin.com/events/7514009104252674048/"
https://www.linkedin.com/in/kirsten-bettino-7a0441207,Kirsten,Bettino,Kirsten Bettino,Director of Clinical Trials | Oncology & Hematology Research Operations Leader | Clinical Program Development & Trial Execution,,,Director of Business Development,"Hermosa Beach, California, United States",CANCER AND BLOOD SPECIALTY CLINIC,https://www.linkedin.com/company/cancer-and-blood-specialty-clinic,,,,,,,,"Kirsten, after 20+ years building oncology and hematology trial programs, I'm sure you've seen a lot. I bet you know well what patients actually experience during treatment.  Thought you'd be interested in this webinar on October 29th. We have several exciting upcoming oncology research efforts. This one studies how patients cope with cancer treatment.  Let me know if you want to meet 1:1 to discuss the other research efforts we're involved in. We'd be excited to work with the Cancer & Blood Specialty team on this important work. Thanks  https://www.linkedin.com/events/7514009104252674048/"
https://www.linkedin.com/in/josh-eaves-505507a,Josh,Eaves,Josh Eaves,Strategic Leader Focused on Creating Market Value in Healthcare,,,Chief Development & Strategy Officer,"Nashville, Tennessee, United States",Florida Cancer Specialists & Research Institute,,,,,,,,,"Josh, FCS is really making its voice heard on cancer care policy and innovation at the Patient-Centered Oncology Care conference. I appreciate seeing your team out front on that.  Thought you'd be interested in this webinar on October 29th. We have several exciting upcoming oncology research efforts. This one looks at how patients cope with cancer treatment.  Let me know if you want to meet 1:1 to discuss the other research efforts we're involved in. We'd be excited to work with FCS on this important work. Thanks  https://www.linkedin.com/events/7514009104252674048/"
https://www.linkedin.com/in/jeremy-moore-ma-4a9aa91,Jeremy,"Moore, MA","Jeremy Moore, MA",Oncology Communications Leader | Executive Positioning | Reputation & Crisis | Media Relations | Scientific & Clinical Storytelling |,,,,,Fox Chase Cancer Center,,,,,,,,,"Jeremy, over 20 years translating complex cancer science into clear narratives is fascinating. From AACR to Fox Chase. I appreciate how much that shapes what patients and clinicians actually hear.  Thought you likely would be interested in this webinar on October 29th. We have several exciting upcoming oncology research efforts. This one studies how patients cope with cancer treatment.  Please let me know if you want to meet 1:1 to discuss the other research efforts we are involved in. We would be really excited to work with Fox Chase in this important work. Thanks  https://www.linkedin.com/events/7514009104252674048/"
https://www.linkedin.com/in/betlhem-fitsum-267b47237,Betlhem,Fitsum,Betlhem Fitsum,mayo clinic,,,Clinical Data Coordinator,"Lyndhurst, New Jersey, United States",John Theurer Cancer Center at Hackensack University Medical Center,,,,,,,,,"Betlhem, I found your research background fascinating. From the Mayo biospecimens lab to clinical data coordination. That kind of hands-on sample and data experience is rare.  Thought you likely would be interested in this webinar on October 29th. We have several exciting upcoming oncology research efforts. This one studies how patients cope with cancer treatment.  Please let me know if you want to meet 1:1 to discuss the other research efforts we are involved in. We would be really excited to work with John Theurer in this important work. Thanks  https://www.linkedin.com/events/7514009104252674048/"
https://www.linkedin.com/in/jaya-dharan-93452415,Jaya,Dharan,Jaya Dharan,"Associate Director,Enterprise Data Systems",,,"Associate Director, Enterprise Data Systems",Greater Boston,Dana-Farber Cancer Institute,,,,,,,,,"Jaya, Dana-Farber's recent lung cancer findings are a fascinating example of what comes out of well-built data pipelines. It made me think of the work your team does behind the scenes.  Thought you likely would be interested in this webinar on October 29th. We have several exciting upcoming oncology research efforts. This one studies how patients cope with cancer treatment.  Please let me know if you want to meet 1:1 to discuss the other research efforts we are involved in. We would be really excited to work with Dana-Farber in this important work. Thanks  https://www.linkedin.com/events/7514009104252674048/"
https://www.linkedin.com/in/stephenvliu,Stephen,Liu,Stephen Liu,"Medical Oncologist, Chief of Hematology & Oncology, Head of Developmental Therapeutics, Associate Professor of Medicine at Georgetown Lombardi Comprehensive Cancer Center",,,"Chief, Division of Hematology & Oncology","Washington, District of Columbia, United States",Georgetown Lombardi Comprehensive Cancer Center,,,,,,,,,"Dr. Liu, hope the fall has been treating you and the Lombardi team well.  Thought you likely would be interested in this webinar on October 29th. We have several exciting upcoming oncology research efforts. This one studies how patients cope with cancer treatment.  Please let me know if you want to meet 1:1 to discuss the other research efforts we are involved in. We would be really excited to work with Georgetown Lombardi in this important work. Thanks  https://www.linkedin.com/events/7514009104252674048/"
https://www.linkedin.com/in/jasonpoquette,Jason,R.Ph.,Jason R.Ph.,Pharmacy Executive | Specialty & Outpatient Pharmacy Operations | $1B+ Enterprise | Oncology | Academic Medical Centers,,,Director of Specialty Pharmacy,"Whitinsville, Massachusetts, United States",Dana-Farber Cancer Institute,,,,,,,,,"Jason, found that on top of running three pharmacies at Dana-Farber you also teach pharmacy management and write about leadership. I appreciate people who pour that much into the next generation.  Thought you likely would be interested in this webinar on October 29th. We have several pretty exciting upcoming oncology research efforts. This one looks at how patients cope with cancer treatment.  Please let me know if you want to meet 1:1 to discuss the other research efforts we are involved in. We would be really excited to work with Dana-Farber in this important work. Thanks  https://www.linkedin.com/events/7514009104252674048/"
https://www.linkedin.com/in/stephanie-bailey-a8581a83,Stephanie,Bailey,Stephanie Bailey,Oncology Director of Operations,,,Director of Operations - Oncology,"Indianapolis, Indiana, United States",Franciscan Physician Network,https://www.linkedin.com/company/franciscan-physician-network,,,,,,,,"Stephanie, I saw Franciscan is adding a hematology oncology physician at the Woodland Cancer Care Center. Awesome to see the team growing.  Thought you likely would be interested in this webinar on October 29th. We have several pretty exciting upcoming oncology research efforts. This one studies how patients cope with cancer treatment.  Please let me know if you want to meet 1:1 to discuss the other research efforts we are involved in. We would be really excited to work with Franciscan in this important work. Thanks  https://www.linkedin.com/events/7514009104252674048/"
https://www.linkedin.com/in/arash-asher-2865724,Arash,Asher,Arash Asher,Cancer Survivorship and Rehabilitation,,,"Director, Cancer Survivorship & Rehabilitation","Los Angeles, California, United States",Cedars-Sinai Medical Center,,,,,,,,,"Dr. Asher, you lead cancer survivorship and rehabilitation at Cedars-Sinai. I thought this topic of how patients cope through treatment would be right in your wheelhouse.  Thought you'd be interested in this webinar on October 29th. We have several exciting upcoming oncology research efforts.  Let me know if you want to meet 1:1 to discuss the other research efforts we're involved in. We'd be really excited to work with Cedars-Sinai in this important work. Thanks  https://www.linkedin.com/events/7514009104252674048/"
https://www.linkedin.com/in/ACoAAAgptdUBB37FMInzoczDkWe1EEyCjnBRTKE,Costas,Hadjipanayis,Costas Hadjipanayis,"L. Dade Lunsford Chair in Neurological Surgery, Professor and Executive Vice-Chair of Neurological Surgery, University of Pittsburgh Medical Center Past Chair, AANS/CNS Joint Tumor Section",,,"Chair, Joint Tumor Section","Pittsburgh, Pennsylvania, United States",American Association of Neurological Surgeons (AANS),,,,,,,,,"Costas, thanks again for connecting here. I appreciate it.  Thought you likely would be interested in this webinar on October 29th. We have several pretty exciting upcoming oncology research efforts. This one studies how patients cope with cancer treatment.  Please let me know if you want to meet 1:1 to discuss the other research efforts we are involved in. We would be really excited to work with the Joint Tumor Section in this important work. Thanks  https://www.linkedin.com/events/7514009104252674048/"
https://www.linkedin.com/in/laurastgermain,Laura,St. Germain,Laura St. Germain,"Proven turnaround leader with a track record of rapidly assessing underperforming programs, driving strategic reorganization, and delivering measurable performance improvements. Builds diverse, high‑performing teams, fosters trust and engagement, and negotiates complex partnerships that increase revenue and reduce costs through collaborative, mission‑driven leadership.",,,"Associate Vice President, Division Operations, Clinical Research Division ","Lynnwood, Washington, United States",Fred Hutch,,,Interested,ryan_connect,326030,Ryan Saliman,114682,7/22/2026 4:06:08 AM,"Laura, I appreciate you asking for more details. I must have missed your message. Thank you for your patience in getting them.  Thought you likely would be interested in this webinar on October 29th. We have several pretty exciting upcoming oncology research efforts. This one studies how patients cope with cancer treatment.  Please let me know if you want to meet 1:1 to discuss the other research efforts we are involved in. We would be really excited to work with the Clinical Research Division at Fred Hutch in this important work. Thanks  https://www.linkedin.com/events/7514009104252674048/"
https://www.linkedin.com/in/john-reagan-4521aa34,John,Reagan,John Reagan,Director of Hematology at Lifespan Cancer Institute/Medicine,,,"Directory of Hematology, Brown University Cancer Institute","Providence, Rhode Island, United States",Brown University Health,,,,,,,,,"John, I appreciate you connecting here. I'm sure you've seen a lot change in hematology over the years.  Thought you'd be interested in this webinar on October 29th. We have several exciting upcoming oncology research efforts.  Let me know if you want to meet 1:1 to discuss the other research efforts we are involved in. We'd be really excited to work with the Brown University Cancer Institute hematology team in this important work. Thanks  https://www.linkedin.com/events/7514009104252674048/"
https://www.linkedin.com/in/kpozeznik,kate,pozeznik,kate pozeznik,"I am at my best when building authentic partnerships and transparent communication in mission-driven organizations. As Marketing Coordinator at Advocate Radiation Oncology, I support our internal marketing strategies, staff engagement initiatives, and patient education efforts, ensuring our message resonates with our teams and the communities we serve.  My professional background is unconventional. I have worked across IT management consulting, nonprofits, hospitality, real estate, and academia. Each experience shaped how I approach marketing: strategically, creatively, and with people at the center. Most recently, I owned a boutique consulting firm for seven years, developing curated career marketing materials, digital branding strategies, and communication frameworks that helped executive leaders connect authentically with their audiences.  Those years working in diverse roles and industries taught me what works: messaging that is genuine and human-centered, campaigns that reflect true organizational values, and cultures where staff and patients feel valued and supported. That's what I bring to Advocate Radiation Oncology.  I thrive where strategy merges with creativity, developing marketing campaigns, creating compelling content, collaborating across departments, and fostering a culture of inclusivity. Healthcare is where purpose meets impact, and I am energized by work that makes a difference in the lives of others.  On a personal note, I am a mental health advocate, supporter of women and minorities, and an avid traveler who enjoys salsa and bachata dancing. I am also a sci-fi geek, exercise enthusiast, and dog mom to a 3-legged pup named Penny.   If you are interested in marketing, culture-building, or navigating a career transition, I welcome you to connect with me.",,,Marketing Coordinator & Employee Engagement Leader,"Fort Myers, Florida, United States",Advocate Radiation Oncology,,,,,,,,,"Kate, I appreciate how much heart you put into Advocate's patient education and staff engagement work.  Thought you might be interested in this webinar on October 29th. We have several exciting upcoming oncology research efforts.  Let me know if you'd like to meet 1:1 to discuss the other research efforts we're involved in. We'd be excited to work with the Advocate Radiation Oncology team in this important work. Thanks  https://www.linkedin.com/events/7514009104252674048/"
https://www.linkedin.com/in/trish-tarpley-52b3754b,Trish,Tarpley,Trish Tarpley,Clinical Services Director at Blue Ridge Cancer Care,,,Clinical Services Director,"Salem, Virginia, United States",Blue Ridge Cancer Care,,,,,,,,,"Trish, I found Dr. Goldschmidt's research on managing hematological adverse events in lung cancer patients fascinating. Awesome to see that kind of work coming out of Blue Ridge.  Thought you might be interested in this webinar on October 29th. We have several exciting upcoming oncology research efforts.  Let me know if you want to meet 1:1 to discuss the other research efforts we're involved in. We'd be excited to work with Blue Ridge in this important work. Thanks  https://www.linkedin.com/events/7514009104252674048/"
https://www.linkedin.com/in/kathleen-kiernan-harnden-md-mba-110607b,Kathleen,MBA,Kathleen MBA,"D’Aniello Director, Breast Cancer Research. Medical Director, Breast Medical Oncology Program. VP Fairfax Hospital Medical Staff.",,,"Director, Breast Medical Oncology Program",Washington DC-Baltimore Area,Inova Health System,,,,,,,,,Inova's $97.5M acquisition of the Willow Oaks campus is a big step. It looks like a major move for cancer care access in the region.  Thought you might be interested in this webinar on October 29th. We have several exciting upcoming oncology research efforts.  Let me know if you'd want to meet 1:1 to discuss the other research efforts we are involved in. We would be really excited to work with Inova. Thanks  https://www.linkedin.com/events/7514009104252674048/
https://www.linkedin.com/in/amit-patel-m-d-1a3337a2,Amit,M.D.,Amit M.D.,"President, Medical-Dental Staff at RWJ Barnabas Health Jersey City Medical Center",,,"Medical Director of Business Development, Northern NJ","Jersey City, New Jersey, United States",Astera Cancer Care,https://www.linkedin.com/company/astera-cancer-care,,,,,,,,Hope all is going well at Astera. I appreciate the work you and your team are doing for patients across Northern NJ.  Thought you might be interested in this webinar on October 29th. We have several exciting upcoming oncology research efforts.  Let me know if you'd want to meet 1:1 to discuss the other research efforts we are involved in. We would be really excited to work with Astera. Thanks  https://www.linkedin.com/events/7514009104252674048/
https://www.linkedin.com/in/teresa-e-giamboy-dnp-mba-msn-crnp-nea-bc-39b49163,Teresa,NEA-BC,Teresa NEA-BC,"Vice President, Cancer Service Line, Jefferson Health",,,"Vice President, Cancer Service Line, Jefferson Health","Philadelphia, Pennsylvania, United States",Jefferson Health,https://www.linkedin.com/school/jefferson-health,,,,,,,,Just saw your post about the 8th Annual Lung Cancer Screening Summit on October 1st. Awesome to see Jefferson putting that much focus on early detection.  Thought you might be interested in this webinar on October 29th. We have several exciting upcoming oncology research efforts.  Let me know if you want to meet 1:1 to discuss them. We would be really excited to work with the Jefferson cancer service line in this important work. Thanks  https://www.linkedin.com/events/7514009104252674048/
https://www.linkedin.com/in/lisa-d-andrea-rn-bsn-ocn-cnbn-cpn-65790915a,Lisa,"D'Andrea, RN BSN OCN CNBN CPN","Lisa D'Andrea, RN BSN OCN CNBN CPN","Director, Cancer Services at Corewell Health, East Region",,locn@hsmtx.com,"Director, Cancer Center",,Beaumont Health,,,,,,,,,The FDA approval of tucatinib as a first-line maintenance option in HER2-positive metastatic breast cancer is awesome news for patients.  Thought you likely would be interested in this webinar on October 29th. We have several pretty exciting upcoming oncology research efforts.  Please let me know if you want to meet 1:1 to discuss the other research efforts we are involved in. We would be really excited to work with the Corewell Health cancer team in this important work. Thanks  https://www.linkedin.com/events/7514009104252674048/
https://www.linkedin.com/in/tamer-refaat-md-phd-msci-66907b29,Tamer,MSCI,Tamer MSCI,"Professor of Radiation Oncology, Director of Clinical Research& International Outreach, Department of Radiation Oncology, Associate Director for Global Oncology, Cardinal Bernardin Cancer Center Loyola University Chicago",,,Associate Director of Global Oncology,Greater Chicago Area,Cardinal Bernardin Cancer Canter - Loyola University Chicago,,,,,,,,,"Hi Tamer, I appreciate the global oncology and clinical research work you lead at Cardinal Bernardin. Building radonc relationships across borders is fascinating to follow.  Thought you likely would be interested in this webinar on October 29th. We have several pretty exciting upcoming oncology research efforts.  Please let me know if you want to meet 1:1 to discuss the other research efforts we are involved in. We would be really excited to work with Cardinal Bernardin in this important work. Thanks  https://www.linkedin.com/events/7514009104252674048/"
https://www.linkedin.com/in/wesley-falconer-b404b790,Wesley,Falconer,Wesley Falconer,Healthcare CEO | Oncology & MSO Growth Executive | Private Equity & M&A | Enterprise Turnarounds | Value-Based Care | Board Candidate | MBA/MHA,,wesleyf@ccsreno.com,Chief Operating Officer,Greater Reno Area,Cancer Care Specialist of Reno,https://www.linkedin.com/company/cancer-care-specialist-of-reno,,,,,,,,"Hi Wesley, I appreciate what you are building with the CCS MSO. Helping community oncology groups stay independent and sustainable. Fascinating model.  Thought you likely would be interested in this webinar on October 29th. We have several pretty exciting upcoming oncology research efforts.  Please let me know if you want to meet 1:1 to discuss the other research efforts we are involved in. We would be really excited to work with Cancer Care Specialists in this important work. Thanks  https://www.linkedin.com/events/7514009104252674048/"
https://www.linkedin.com/in/dana-lonn-613947209,Dana,Lonn,Dana Lonn,"I feel I have grown in many aspects through my career by developing excellent critical thinking skills that have proven that I can be an excellent leader in the healthcare field. I am a determined and enthusiastic individual striving to give my all in every situation. At every position I’ve worked in, I have been asked to step into a leadership role. I bring leadership experience from my previous workplaces, and I feel my positive approach and caring, team-centered work ethic would help your agency advance your objectives and would serve well for the needs posted for a new position.",,,Radiation Therapist,"Bismarck, North Dakota, United States",Bismarck Cancer Center,,,,,,,,,"Hi Dana, awesome to see the Bismarck Cancer Center Foundation keeping the Apple Jam tradition going. I appreciate the questions you asked earlier about where we are headed.  Thought you might be interested in this webinar on October 29th. We have several exciting upcoming oncology research efforts.  Let me know if you'd want to meet 1:1 to discuss them. We'd be excited to work with Bismarck Cancer Center on this important work. Thanks  https://www.linkedin.com/events/7514009104252674048/"
https://www.linkedin.com/in/rufus-mark-md-66384453,Rufus,"Mark, MD","Rufus Mark, MD","Medical Director Radiation Oncology, Baylor Scott and White Health Care, Dallas/Fort Worth TX",,,Medical Director Radiation Oncology,Dallas-Fort Worth Metroplex,Baylor Scott & White Health,https://www.linkedin.com/company/bswhealth,,,,,,,,"Hi Rufus, awesome to see Baylor Scott & White's lung cancer screening program pass 400 scans. Early detection work like that really moves the needle.  Thought you'd be interested in this webinar on October 29th. We have several exciting upcoming oncology research efforts.  Let me know if you want to meet 1:1 to discuss them. We'd be really excited to work with Baylor Scott & White on this important work. Thanks  https://www.linkedin.com/events/7514009104252674048/"
