Incentive_Desc,Plan_Number,NY,Transferred_In,Plan_Name,TPA_Firm_Number,Plan_YE,Contract_Eff_Date,Actual_Recurring,Actual_Transfer,Actual_Credits,Number_Of_Months,Current_Asset_Value,Waive_To_Date,Waive_Type,EA_Earnings_before_prior_year_offsets,Prior_Year_Waive_Owed_by_TPA,Prior_Year_EA_Balance_Owed_by_TPA,Earned_to_Date,Previously_Paid,Carried_Fwd_To_Date,Owe_ThisPeriod,Pay_ThisPeriod,Paid_To_Date,Paid_For_Calendar_Yr,Paid_In_Plan_Yr
2024 Installation Allowance Details,0164802,,,"BLOUGH, INC.",0069182,12/31,1/26/2024,28886,224170,56734,0,0,0,,0,0,0,737.2,737.2,0,0,0,737.2,0,22.79
2024 Installation Allowance Details,0164487,,,T2 CONSTRUCTION MANAGEMENT,0069182,12/31,1/29/2024,152621,1175536,298427,0,0,0,,0,0,0,3877.28,3877.28,0,0,0,3877.28,0,84.86
2024 Installation Allowance Details,0164768,,,JOHN MCFARLAND LAWYERS PLLC,0069182,12/31,1/31/2024,92440,943330,215452,0,0,0,,0,0,0,2811.06,2811.06,0,0,0,2811.06,0,187.96
2024 Installation Allowance Details,0165412,,,NATURAL HEALTH IMPROVEMENT,0069182,12/31,3/8/2024,99068,136934,99795,0,0,0,,0,0,0,1264.55,1264.55,0,0,0,1264.55,125.51,232
2024 Installation Allowance Details,0165039,,,ALPINE AIR,0069182,12/31,4/2/2024,49386,875835,170884,0,0,0,,0,0,0,2245.53,2245.53,0,0,0,2245.53,131.96,233.46
2024 Installation Allowance Details,0166199,,,HEALTHY KIDS PLC,0069182,12/31,4/2/2024,224300,0,179440,0,0,0,,0,0,0,2243,2243,0,0,0,2243,931.89,966.67
2024 Installation Allowance Details,0165542,,,"TREEWORKS, INC.",0069182,12/31,4/3/2024,137049,355814,163011,0,0,0,,0,0,0,2082.12,2082.12,0,0,0,2082.12,362.78,929.5
2024 Installation Allowance Details,0166340,,,TUNICA COUNTY UTILITY,0069182,12/31,7/1/2024,96164,0,76931,0,0,0,,0,0,0,961.64,961.64,0,0,0,961.64,461.83,567.06
2024 Installation Allowance Details,0166414,,,CONSTRUCTION DEVELOPMENT,0069182,12/31,7/26/2024,221012,1510309,403356,0,0,0,,0,0,0,5230.74,5230.74,0,0,0,5230.74,1327.87,1543.62
2024 Installation Allowance Details,0167460,,,SWIFT PASSPORT & VISA,0069182,12/31,8/15/2024,41125,1978,33197,0,0,0,,0,0,0,415.21,415.21,0,0,0,415.21,257.37,286.62
2024 Installation Allowance Details,0167875,,,MARINEAU EYE CARE,0069182,12/31,8/29/2024,14035,149235,33613,0,0,0,,0,0,0,438.82,438.82,0,0,0,438.82,89.02,95.86
2024 Installation Allowance Details,0167249,,,DEL MAR SEAFOODS,0069182,12/31,8/30/2024,248919,1868032,479340,0,0,0,,0,0,0,6225.25,6225.25,0,0,0,6225.25,2051,2207.53
2024 Installation Allowance Details,0167878,,,GRAND RAPIDS RUBBER PRODUCTS,0069182,09/30,10/2/2024,34285,275777,68795,0,0,0,,0,0,0,894.4,866.58,0,27.82,27.82,894.4,775.44,866.58
2024 Installation Allowance Details,0168378,,,AMERICAN GRINDING COMPANY,0069182,12/31,11/27/2024,45758,0,36606,0,0,0,,0,0,0,457.58,432.82,0,24.76,24.76,457.58,210.27,397.84
2024 Installation Allowance Details,0168268,,Y,SIKMA & SONS PLUMBING,0069182,12/31,12/4/2024,174325,1911647,426207,0,0,0,,0,0,0,5566.54,5377.44,0,189.1,189.1,1017,1017,827.9
2025 Installation Allowance Details,0169465,,,CEB SERVICES,0069182,12/31,1/16/2025,142150,262787,153138,0,0,0,,0,0,0,1947.07,1767.41,0,179.66,179.66,1947.07,1947.07,1767.41
2025 Installation Allowance Details,0169531,,,RBS WEALTH MANAGEMENT LLC,0069182,12/31,2/10/2025,56886,0,45509,0,0,0,,0,0,0,568.86,471.43,0,97.43,97.43,568.86,568.86,471.43
2025 Installation Allowance Details,0169594,,,IBH ANALYTICS LLC,0069182,12/31,2/13/2025,28509,0,22807,0,0,0,,0,0,0,285.09,247.35,0,37.74,37.74,285.09,285.09,247.35
2025 Installation Allowance Details,0169808,,,JASPER ENDODONTICS P.C.,0069182,12/31,2/28/2025,31797,0,25438,0,0,0,,0,0,0,317.97,280.83,0,37.14,37.14,317.97,317.97,280.83
2025 Installation Allowance Details,0169917,,,"C-TECH IT SOLUTIONS, LLC",0069182,12/31,3/24/2025,12257,98048,24513,0,0,0,,0,0,0,318.67,298.64,0,20.03,20.03,318.67,318.67,298.64
2025 Installation Allowance Details,0169897,,,GROSSE POINTE DERMATOLOGY,0069182,12/31,4/8/2025,77196,246996,98806,0,0,0,,0,0,0,1265.95,1040.14,0,225.81,225.81,1265.95,1265.95,1040.14
2025 Installation Allowance Details,0169968,,,AIR HANDLERS SERVICE GROUP,0069182,12/31,4/8/2025,23937,74887,30383,0,0,0,,0,0,0,389.14,389.14,0,0,0,389.14,389.14,389.14
2025 Installation Allowance Details,0170871,,,BROADBAND ASSOCIATION,0069182,12/31,6/18/2025,22173,3242760,504152,0,0,0,,0,0,0,6707.25,6634.42,0,72.83,72.83,6707.25,6707.25,6634.42
2025 Installation Allowance Details,0170691,,,ENCORE BUSINESS GROUP LLC,0069182,12/31,7/2/2025,3035,15843,4804,0,0,0,,0,0,0,62.04,54.28,0,7.76,7.76,62.04,62.04,54.28
2025 Installation Allowance Details,0170784,,,DETROIT DIRECT DENTAL PLLC,0069182,12/31,7/10/2025,22227,0,17782,0,0,0,,0,0,0,222.27,103.28,0,118.99,118.99,222.27,222.27,103.28
2025 Installation Allowance Details,0170881,,,EHLERS SERVICE NETWORK,0069182,12/31,7/15/2025,23226,0,18581,0,0,0,,0,0,0,232.26,106.25,0,126.01,126.01,232.26,232.26,106.25
2025 Installation Allowance Details,0170898,,,JENNI PATTILLO AGENCY,0069182,12/31,7/15/2025,4659,0,3727,0,0,0,,0,0,0,46.59,15.4,0,31.19,31.19,46.59,46.59,15.4
2025 Installation Allowance Details,0170557,,,"ANDERSON ECONOMIC GROUP, LLC",0069182,12/31,7/16/2025,19929,2050516,323521,0,0,0,,0,0,0,4300.32,4210.02,0,90.3,90.3,4300.32,4300.32,4210.02
Pre-2015 Efficiency Allowance Details,0115053,,,AMERICAN AUTOMATIC,0069182,12/31,8/14/2014,0,0,975508,8,2210841,0,,711.65,0,0,711.65,619.55,0,92.1,92.1,0,711.65,705.86
Post-January 1st 2015 Efficiency Allowance Details,0118316,,,CENTER FOR CLINICAL,0069182,12/31,4/9/2015,0,0,1719852,8,1648789,0,,515.82,0,0,515.82,447.14,0,68.68,68.68,0,515.82,509.89
Post-January 1st 2015 Efficiency Allowance Details,0119683,,Y,"R.E. BARBER FORD, INC.",0069182,12/31,8/31/2015,0,0,3815764,3,9585236,0,,1166.18,0,0,1166.18,766.89,0,399.29,399.29,0,1166.18,766.89
Post-January 1st 2015 Efficiency Allowance Details,0121606,,,THE BIG,0069182,12/31,1/15/2016,0,0,1975718,8,3543154,0,,1080.95,0,0,1080.95,933.35,0,147.6,147.6,0,1080.95,1057.74
Post-January 1st 2015 Efficiency Allowance Details,0133644,,Y,"GRANDVILLE EYE CARE, PC",0069182,12/31,1/26/2018,0,0,803152,4,1096192,0,,172.64,0,0,172.64,126.98,0,45.66,45.66,0,172.64,126.98
Post-January 1st 2015 Efficiency Allowance Details,0135154,,,EASTLAKE CARDIOVASCULAR P.C.,0069182,12/31,7/11/2018,0,0,4704639,8,7621172,0,,2596.34,0,0,2596.34,2278.86,0,317.48,317.48,0,2596.34,2589.23
Post-January 1st 2015 Efficiency Allowance Details,0143236,,,QUESTSPECIALTY CORPORATION,0069182,12/31,1/3/2020,0,0,3339818,8,5616762,1621.4,PERA,1621.41,0,0,0.01,0.02,0,0,0,0,0.02,0.02
Post-January 1st 2015 Efficiency Allowance Details,0142778,,,KIDS PEDIATRIC DENTISTRY,0069182,12/31,2/13/2020,0,0,559719,8,1997970,0,,626.96,0,0,626.96,543.73,0,83.23,83.23,0,626.96,617.5
Post-January 1st 2015 Efficiency Allowance Details,0150734,,,"GMR PROTECTION RESOURCES,",0069182,12/31,8/2/2021,0,0,2630899,8,5985573,0,,2120.11,0,0,2120.11,1870.77,0,249.34,249.34,0,2120.11,2141.44
Post-January 1st 2015 Efficiency Allowance Details,0152107,,,DENNIS MILLICAN & ASSOCIATES,0069182,12/31,11/2/2021,0,0,1852306,8,7577363,0,,2350.4,0,0,2350.4,2034.76,0,315.64,315.64,0,2350.4,2312.8
Post-January 1st 2015 Efficiency Allowance Details,0155080,,,"TAYLOR W. HARPER LAW OFFICES,",0069182,12/31,3/3/2022,0,0,0,8,145839,0,,46.04,0,0,46.04,39.96,0,6.08,6.08,0,46.04,45.5
Post-January 1st 2015 Efficiency Allowance Details,0162694,,,"RESOLVE INSURANCE GROUP, LLC",0069182,12/31,8/11/2023,0,0,76891,8,54597,0,,21.27,0,0,21.27,19,0,2.27,2.27,0,21.27,22.05
Post-January 1st 2015 Efficiency Allowance Details,0162401,,,"JEFF'S BRONCO GRAVEYARD, INC.",0069182,12/31,8/18/2023,0,0,680916,8,4606943,0,,1451.82,0,0,1451.82,1259.91,0,191.91,191.91,0,1451.82,1429.64
Post-January 1st 2015 Efficiency Allowance Details,0163603,,,TOTAL JOINT SPECIALISTS,0069182,12/31,10/23/2023,0,0,1299704,8,1970661,0,,551.87,0,0,551.87,469.79,0,82.08,82.08,0,551.87,532.61
Post-January 1st 2015 Efficiency Allowance Details,0163091,,,"WOLTERS ELECTRIC, INC.",0069182,12/31,10/31/2023,0,0,367911,8,2039255,0,,629.83,0,0,629.83,544.88,0,84.95,84.95,0,629.83,618.25
Post-January 1st 2015 Efficiency Allowance Details,0164250,,,LAKE MICHIGAN FAMILY DENTAL,0069182,12/31,11/30/2023,0,0,105557,8,179425,0,,47.88,0,0,47.88,40.41,0,7.47,7.47,0,47.88,46.11
Post-January 1st 2015 Efficiency Allowance Details,0164973,,,MONDO UNLIMITED,0069182,12/31,12/29/2023,0,0,155649,8,219858,0,,48.37,0,0,48.37,39.22,0,9.15,9.15,0,48.37,42.71
Post-January 1st 2015 Efficiency Allowance Details,0164802,,,"BLOUGH, INC.",0069182,12/31,1/26/2024,0,0,80364,8,342740,0,,101.56,0,0,101.56,87.28,0,14.28,14.28,0,101.56,98.42
Post-January 1st 2015 Efficiency Allowance Details,0164487,,,T2 CONSTRUCTION MANAGEMENT,0069182,12/31,1/29/2024,0,0,396744,8,1795835,0,,550.66,0,0,550.66,475.85,0,74.81,74.81,0,550.66,537.42
Post-January 1st 2015 Efficiency Allowance Details,0164768,,,JOHN MCFARLAND LAWYERS PLLC,0069182,12/31,1/31/2024,0,0,263357,8,1331291,0,,404.47,0,0,404.47,349.02,0,55.45,55.45,0,404.47,397.34
Post-January 1st 2015 Efficiency Allowance Details,0165412,,,NATURAL HEALTH IMPROVEMENT,0069182,12/31,3/8/2024,0,0,131999,8,264438,0,,77.12,0,0,77.12,66.1,0,11.02,11.02,0,77.12,75.85
Post-January 1st 2015 Efficiency Allowance Details,0165039,,,ALPINE AIR,0069182,12/31,4/2/2024,0,0,185470,8,898564,0,,286.83,0,0,286.83,249.4,0,37.43,37.43,0,286.83,284.15
Post-January 1st 2015 Efficiency Allowance Details,0166199,,,HEALTHY KIDS PLC,0069182,12/31,4/2/2024,0,0,192758,8,267376,0,,76.71,0,0,76.71,65.57,0,11.14,11.14,0,76.71,71.23
Post-January 1st 2015 Efficiency Allowance Details,0165542,,,"TREEWORKS, INC.",0069182,12/31,4/3/2024,0,0,194539,8,592673,0,,168.97,0,0,168.97,144.28,0,24.69,24.69,0,168.97,161.08
Post-January 1st 2015 Efficiency Allowance Details,0166340,,,TUNICA COUNTY UTILITY,0069182,12/31,7/1/2024,0,0,87748,8,118092,0,,28.4,0,0,28.4,23.49,0,4.91,4.91,0,28.4,25.55
Post-January 1st 2015 Efficiency Allowance Details,0166414,,,CONSTRUCTION DEVELOPMENT,0069182,12/31,7/26/2024,0,0,430617,8,1795762,0,,556.02,0,0,556.02,481.21,0,74.81,74.81,0,556.02,545.79
Post-January 1st 2015 Efficiency Allowance Details,0167460,,,SWIFT PASSPORT & VISA,0069182,12/31,8/15/2024,0,0,37410,8,51286,0,,11.5,0,0,11.5,9.36,0,2.14,2.14,0,11.5,10.06
Post-January 1st 2015 Efficiency Allowance Details,0167875,,,MARINEAU EYE CARE,0069182,12/31,8/29/2024,0,0,35706,8,190791,0,,56.88,0,0,56.88,48.92,0,7.96,7.96,0,56.88,55.45
Post-January 1st 2015 Efficiency Allowance Details,0167249,,,DEL MAR SEAFOODS,0069182,12/31,8/30/2024,0,0,482960,8,2573609,0,,785.75,0,0,785.75,678.54,0,107.21,107.21,0,785.75,766.91
Post-January 1st 2015 Efficiency Allowance Details,0167878,,,GRAND RAPIDS RUBBER PRODUCTS,0069182,09/30,10/2/2024,0,0,68795,8,337824,0,,95.58,0,0,95.58,81.51,0,14.07,14.07,0,95.58,83.88
Post-January 1st 2015 Efficiency Allowance Details,0168378,,,AMERICAN GRINDING COMPANY,0069182,12/31,11/27/2024,0,0,36606,8,48740,0,,12.03,0,0,12.03,10,0,2.03,2.03,0,12.03,11.01
Post-January 1st 2015 Efficiency Allowance Details,0168268,,Y,SIKMA & SONS PLUMBING,0069182,12/31,12/4/2024,0,0,426207,5,2007997,0,,392.19,0,0,392.19,308.54,0,83.65,83.65,0,392.19,308.54
Post-January 1st 2015 Efficiency Allowance Details,0169465,,,CEB SERVICES,0069182,12/31,1/16/2025,0,0,153138,8,452040,0,,87.87,0,0,87.87,69.03,0,18.84,18.84,0,87.87,69.03
Post-January 1st 2015 Efficiency Allowance Details,0169531,,,RBS WEALTH MANAGEMENT LLC,0069182,12/31,2/10/2025,0,0,45509,7,63490,0,,11.69,0,0,11.69,9.05,0,2.64,2.64,0,11.69,9.05
Post-January 1st 2015 Efficiency Allowance Details,0169594,,,IBH ANALYTICS LLC,0069182,12/31,2/13/2025,0,0,22807,7,29570,0,,4.7,0,0,4.7,3.47,0,1.23,1.23,0,4.7,3.47
Post-January 1st 2015 Efficiency Allowance Details,0169808,,,JASPER ENDODONTICS P.C.,0069182,12/31,2/28/2025,0,0,25438,7,35226,0,,6.12,0,0,6.12,4.66,0,1.46,1.46,0,6.12,4.66
Post-January 1st 2015 Efficiency Allowance Details,0169917,,,"C-TECH IT SOLUTIONS, LLC",0069182,12/31,3/24/2025,0,0,24513,6,127636,0,,23.2,0,0,23.2,17.89,0,5.31,5.31,0,23.2,17.89
Post-January 1st 2015 Efficiency Allowance Details,0169897,,,GROSSE POINTE DERMATOLOGY,0069182,12/31,4/8/2025,0,0,98806,5,344702,0,,45.4,0,0,45.4,31.03,0,14.37,14.37,0,45.4,31.03
Post-January 1st 2015 Efficiency Allowance Details,0169968,,,AIR HANDLERS SERVICE GROUP,0069182,12/31,4/8/2025,0,0,30383,5,101798,0,,11.26,0,0,11.26,7.02,0,4.24,4.24,0,11.26,7.02
Post-January 1st 2015 Efficiency Allowance Details,0170871,,,BROADBAND ASSOCIATION,0069182,12/31,6/18/2025,0,0,504152,3,3416990,0,,419.01,0,0,419.01,276.67,0,142.34,142.34,0,419.01,276.67
Post-January 1st 2015 Efficiency Allowance Details,0170691,,,ENCORE BUSINESS GROUP LLC,0069182,12/31,7/2/2025,0,0,4804,2,19460,0,,1.57,0,0,1.57,0.76,0,0.81,0.81,0,1.57,0.76
Post-January 1st 2015 Efficiency Allowance Details,0170784,,,DETROIT DIRECT DENTAL PLLC,0069182,12/31,7/10/2025,0,0,17782,2,22427,0,,1.36,0,0,1.36,0.43,0,0.93,0.93,0,1.36,0.43
Post-January 1st 2015 Efficiency Allowance Details,0170881,,,EHLERS SERVICE NETWORK,0069182,12/31,7/15/2025,0,0,18581,2,23525,0,,1.42,0,0,1.42,0.44,0,0.98,0.98,0,1.42,0.44
Post-January 1st 2015 Efficiency Allowance Details,0170898,,,JENNI PATTILLO AGENCY,0069182,12/31,7/15/2025,0,0,3727,2,4749,0,,0.26,0,0,0.26,0.06,0,0.2,0.2,0,0.26,0.06
Post-January 1st 2015 Efficiency Allowance Details,0170557,,,"ANDERSON ECONOMIC GROUP, LLC",0069182,12/31,7/16/2025,0,0,323521,2,2117307,0,,174.09,0,0,174.09,85.89,0,88.2,88.2,0,174.09,85.89
EA Transferred Out Plans,0109734,,,PRECISION WALL SYSTEMS,,12/31,8/12/2013,0,0,0,0,0,0,,0,0,0.01,-0.01,0,0,0,0,0,0,0
EA Transferred Out Plans,0702937,,,"MOGILA LAW GROUP, LLC",,12/31,12/26/2024,0,0,0,2,0,0,,15.31,0,0,15.31,15.31,0,0,0,0,15.31,15.31
IA Discontinued Contracts Details,0165158,,Y,UNITED HEALTH PARTNERS,0069182,12/31,2/9/2024,594707,54898,445239,0,0,0,,0,0,0,5572.35,5572.35,0,0,0,5572.35,0,1481.72
IA Discontinued Contracts Details,2002746,,,7TH SENSE LLC 401(k) PLAN,0069182,12/31,4/15/2024,0,0,0,0,0,0,,0,0,0,3000,3000,0,0,0,3000,0,0
IA Discontinued Contracts Details,0166152,,,"JEAN JAFFKE, MD",0069182,12/31,7/8/2024,52008,227200,75686,0,0,0,,0,0,0,974.48,974.48,0,0,0,974.48,265.19,305.99
EA Discontinued Contracts Details,0131930,,,SHARON RICHENS MD,0069182,12/31,1/17/2018,0,0,1923178,8,0,0,0,590.67,0,0,590.67,590.67,0,0,0,0,590.67,721.44
EA Discontinued Contracts Details,0165158,,,UNITED HEALTH PARTNERS,0069182,12/31,2/9/2024,0,0,484000,8,0,0,0,0,0,0,0,0,0,0,0,0,0,24.77
EA Discontinued Contracts Details,2002746,,,7TH SENSE LLC 401(k) PLAN,0069182,12/31,4/15/2024,0,0,0,8,0,0,0,1128.7,0,0,1128.7,1128.7,0,0,0,0,1128.7,1448.98
EA Discontinued Contracts Details,0166152,,,"JEAN JAFFKE, MD",0069182,12/31,7/8/2024,0,0,80582,8,0,0,0,83.47,0,0,83.47,83.47,0,0,0,0,83.47,94.33
