Service Fee Income,,,,,,,,,,,
"Executive Retirement Plans, LLC TPA(508420) ",,,,,,,,,,,
10/1/2023 - 9/30/2025,,,,,,,,,,,
,,,,,,,,,,,
Contract ID,Sub ID,Company Name,Asset Basis Point ,Asset Value ,Asset Based Fee,Deposit Basis Point ,Deposit Amount ,Deposit Based Fee ,Current Monthly 3Total Fee ,1 Year to Date fee ,"1,2Cumulative to Date Fee"
343399,00000,"Endurance Building Systems, Inc.",5,"447,499.68",18.65,15,0.00,0.00,18.65,0.00,18.65
343399,00000,"Endurance Building Systems, Inc.",5,"473,437.85",19.73,15,0.00,0.00,19.73,19.73,38.38
343399,00000,"Endurance Building Systems, Inc.",5,"512,147.90",21.34,15,0.00,0.00,21.34,41.07,59.72
343399,00000,"Endurance Building Systems, Inc.",5,"534,660.03",22.28,15,0.00,0.00,22.28,63.35,82.00
343399,00000,"Endurance Building Systems, Inc.",5,"545,693.74",22.74,15,0.00,0.00,22.74,86.09,104.74
343399,00000,"Endurance Building Systems, Inc.",5,"620,287.13",25.85,15,0.00,0.00,25.85,111.94,130.59
343399,00000,"Endurance Building Systems, Inc.",5,"635,820.27",26.49,15,0.00,0.00,26.49,138.43,157.08
343399,00000,"Endurance Building Systems, Inc.",5,"680,113.50",28.34,15,0.00,0.00,28.34,166.77,185.42
343399,00000,"Endurance Building Systems, Inc.",5,"697,129.09",29.05,15,0.00,0.00,29.05,195.82,214.47
343399,00000,"Endurance Building Systems, Inc.",5,"710,531.01",29.61,15,0.00,0.00,29.61,225.43,244.08
343399,00000,"Endurance Building Systems, Inc.",5,"741,245.42",30.89,15,0.00,0.00,30.89,256.32,274.97
343399,00000,"Endurance Building Systems, Inc.",5,"763,105.16",31.80,15,0.00,0.00,31.80,288.12,306.77
343399,00000,"Endurance Building Systems, Inc.",5,"804,247.08",33.51,15,0.00,0.00,33.51,321.63,340.28
343399,00000,"Endurance Building Systems, Inc.",5,"877,821.71",36.58,15,0.00,0.00,36.58,36.58,376.86
343399,00000,"Endurance Building Systems, Inc.",5,"924,449.65",38.52,15,0.00,0.00,38.52,75.10,415.38
343399,00000,"Endurance Building Systems, Inc.",5,"898,360.97",37.43,15,0.00,0.00,37.43,112.53,452.81
343667,00000,"Julie R. VanHoose, DMD and Kyle Gies, DDS, PC",5,0.00,0.00,20,0.00,0.00,0.00,0.00,0.00
343667,00000,"Julie R. VanHoose, DMD and Kyle Gies, DDS, PC",5,0.00,0.00,20,0.00,0.00,0.00,0.00,0.00
343667,00000,"Julie R. VanHoose, DMD and Kyle Gies, DDS, PC",5,"3,545,895.74",147.75,20,"3,492,111.03","6,984.22","7,131.97",0.00,"7,131.97"
343667,00000,"Julie R. VanHoose, DMD and Kyle Gies, DDS, PC",5,"3,618,238.42",150.76,20,"13,723.35",27.45,178.21,0.00,"7,310.18"
343667,00000,"Julie R. VanHoose, DMD and Kyle Gies, DDS, PC",5,"3,608,738.36",150.36,20,"17,297.50",34.60,184.96,0.00,"7,495.14"
343667,00000,"Julie R. VanHoose, DMD and Kyle Gies, DDS, PC",5,"3,703,554.48",154.31,20,"17,767.56",35.54,189.85,0.00,"7,684.99"
343667,00000,"Julie R. VanHoose, DMD and Kyle Gies, DDS, PC",5,"3,655,437.91",152.31,20,"14,155.24",28.31,180.62,180.62,"7,865.61"
343667,00000,"Julie R. VanHoose, DMD and Kyle Gies, DDS, PC",5,"3,349,845.58",139.58,20,"17,724.55",35.45,175.03,355.65,"8,040.64"
343667,00000,"Julie R. VanHoose, DMD and Kyle Gies, DDS, PC",5,"3,213,716.40",133.90,20,"12,227.34",24.45,158.35,514.00,"8,198.99"
343678,00000,Shapiro Bag Company,5,0.00,0.00,20,0.00,0.00,0.00,0.00,0.00
343678,00000,Shapiro Bag Company,5,"4,177.64",0.17,20,"4,194.89",8.39,8.56,0.00,8.56
343678,00000,Shapiro Bag Company,5,"353,175.62",14.72,20,"349,691.80",699.38,714.10,0.00,722.66
343678,00000,Shapiro Bag Company,5,"337,712.56",14.07,20,"11,444.58",22.89,36.96,36.96,759.62
343678,00000,Shapiro Bag Company,5,"361,900.00",15.08,20,"15,473.32",30.95,46.03,82.99,805.65
343678,00000,Shapiro Bag Company,5,"363,427.02",15.14,20,"12,153.18",24.31,39.45,122.44,845.10
343679,00000,"Icon Acquistions, LLC DBA Icon Sign Company",5,0.00,0.00,20,0.00,0.00,0.00,0.00,0.00
343679,00000,"Icon Acquistions, LLC DBA Icon Sign Company",5,0.00,0.00,20,0.00,0.00,0.00,0.00,0.00
343679,00000,"Icon Acquistions, LLC DBA Icon Sign Company",5,"1,773.40",0.07,20,"1,773.40",3.55,3.62,0.00,3.62
343679,00000,"Icon Acquistions, LLC DBA Icon Sign Company",5,"5,454.72",0.23,20,"3,650.62",7.30,7.53,0.00,11.15
343679,00000,"Icon Acquistions, LLC DBA Icon Sign Company",5,"9,033.46",0.38,20,"3,650.62",7.30,7.68,7.68,18.83
343679,00000,"Icon Acquistions, LLC DBA Icon Sign Company",5,"13,010.44",0.54,20,"3,650.62",7.30,7.84,15.52,26.67
343679,00000,"Icon Acquistions, LLC DBA Icon Sign Company",5,"16,111.56",0.67,20,"3,650.62",7.30,7.97,23.49,34.64
343682,00000,SC Environmental Services,5,0.00,0.00,20,0.00,0.00,0.00,0.00,0.00
343682,00000,SC Environmental Services,5,0.00,0.00,20,0.00,0.00,0.00,0.00,0.00
343682,00000,SC Environmental Services,5,"10,171.52",0.42,20,"10,382.54",20.77,21.19,0.00,21.19
343682,00000,SC Environmental Services,5,"20,630.97",0.86,20,"10,286.49",20.57,21.43,0.00,42.62
343682,00000,SC Environmental Services,5,"29,848.83",1.24,20,"9,548.77",19.10,20.34,20.34,62.96
343682,00000,SC Environmental Services,5,"44,124.46",1.84,20,"13,204.08",26.41,28.25,48.59,91.21
343682,00000,SC Environmental Services,5,"51,664.15",2.15,20,"10,461.67",20.92,23.07,71.66,114.28
514240,00000,"Lakewood Family Medicine, PLC",15,"11,851,434.58","1,481.43",20,"30,755.75",61.51,"1,542.94",0.00,"1,542.94"
514240,00000,"Lakewood Family Medicine, PLC",15,"12,031,082.19","1,503.89",20,"30,805.76",61.61,"1,565.50","1,565.50","3,108.44"
514240,00000,"Lakewood Family Medicine, PLC",15,"12,380,359.21","1,547.54",20,"44,729.19",89.46,"1,637.00","3,202.50","4,745.44"
514240,00000,"Lakewood Family Medicine, PLC",15,"12,581,429.79","1,572.68",20,"30,345.25",60.69,"1,633.37","4,835.87","6,378.81"
514240,00000,"Lakewood Family Medicine, PLC",15,"12,458,175.02","1,557.27",20,"30,460.37",60.92,"1,618.19","6,454.06","7,997.00"
514240,00000,"Lakewood Family Medicine, PLC",15,"13,020,291.27","1,627.54",20,"30,523.07",61.05,"1,688.59","8,142.65","9,685.59"
514240,00000,"Lakewood Family Medicine, PLC",15,"13,328,526.81","1,666.07",20,"203,529.49",407.06,"2,073.13","10,215.78","11,758.72"
514240,00000,"Lakewood Family Medicine, PLC",15,"13,735,655.48","1,716.96",20,"29,125.97",58.25,"1,775.21","11,990.99","13,533.93"
514240,00000,"Lakewood Family Medicine, PLC",15,"13,680,842.07","1,710.11",20,"28,888.81",57.78,"1,767.89","13,758.88","15,301.82"
514240,00000,"Lakewood Family Medicine, PLC",15,"13,923,883.52","1,740.49",20,"41,221.38",82.44,"1,822.93","15,581.81","17,124.75"
514240,00000,"Lakewood Family Medicine, PLC",15,"14,254,555.50","1,781.82",20,"29,570.98",59.14,"1,840.96","17,422.77","18,965.71"
514240,00000,"Lakewood Family Medicine, PLC",15,"14,154,537.68","1,769.32",20,0.00,0.00,"1,769.32","19,192.09","20,735.03"
514240,00000,"Lakewood Family Medicine, PLC",15,"14,579,392.69","1,822.42",20,0.00,0.00,"1,822.42","21,014.51","22,557.45"
514240,00000,"Lakewood Family Medicine, PLC",15,"14,367,773.37","1,795.97",20,0.00,0.00,"1,795.97","1,795.97","24,353.42"
514240,00000,"Lakewood Family Medicine, PLC",15,"14,826,782.81","1,853.35",20,0.00,0.00,"1,853.35","3,649.32","26,206.77"
514240,00000,"Lakewood Family Medicine, PLC",15,"14,076,250.28","1,759.53",20,0.00,0.00,"1,759.53","5,408.85","27,966.30"
514254,00000,Air Lift Company,5,"14,388,146.31",599.51,20,"164,967.53",329.94,929.45,0.00,929.45
514254,00000,Air Lift Company,5,"14,892,702.67",620.53,20,"110,963.73",221.93,842.46,0.00,"1,771.91"
514254,00000,Air Lift Company,5,"14,884,514.74",620.19,20,"108,052.14",216.10,836.29,0.00,"2,608.20"
514254,00000,Air Lift Company,5,"15,105,196.08",629.38,20,"105,025.72",210.05,839.43,0.00,"3,447.63"
514254,00000,Air Lift Company,5,"15,530,116.79",647.09,20,"155,538.84",311.08,958.17,0.00,"4,405.80"
514254,00000,Air Lift Company,5,"14,874,411.47",619.77,20,"48,346.70",96.69,716.46,0.00,"5,122.26"
514254,00000,Air Lift Company,5,"15,318,083.66",638.25,20,0.00,0.00,638.25,0.00,"5,760.51"
514254,00000,Air Lift Company,5,"15,185,475.36",632.73,20,0.00,0.00,632.73,632.73,"6,393.24"
514254,00000,Air Lift Company,5,"15,821,183.78",659.22,20,0.00,0.00,659.22,"1,291.95","7,052.46"
514254,00000,Air Lift Company,5,"15,170,955.32",632.12,20,0.00,0.00,632.12,"1,924.07","7,684.58"
514258,00000,"Nederveld, Inc.",8,"20,376,643.54","1,358.44",20,"130,693.16",261.39,"1,619.83",0.00,"1,619.83"
514258,00000,"Nederveld, Inc.",8,"20,680,302.28","1,378.69",20,"203,646.19",407.29,"1,785.98",0.00,"3,405.81"
514258,00000,"Nederveld, Inc.",8,"20,592,283.39","1,372.82",20,"144,041.04",288.08,"1,660.90",0.00,"5,066.71"
514258,00000,"Nederveld, Inc.",8,"20,996,840.00","1,399.79",20,"157,522.99",315.05,"1,714.84",0.00,"6,781.55"
514258,00000,"Nederveld, Inc.",8,"21,660,820.56","1,444.05",20,"141,586.21",283.17,"1,727.22",0.00,"8,508.77"
514258,00000,"Nederveld, Inc.",8,"21,655,098.74","1,443.67",20,"70,311.19",140.62,"1,584.29",0.00,"10,093.06"
514258,00000,"Nederveld, Inc.",8,"22,527,375.88","1,501.83",20,0.00,0.00,"1,501.83",0.00,"11,594.89"
514258,00000,"Nederveld, Inc.",8,"22,328,855.50","1,488.59",20,0.00,0.00,"1,488.59","1,488.59","13,083.48"
514258,00000,"Nederveld, Inc.",8,"23,169,131.97","1,544.61",20,0.00,0.00,"1,544.61","3,033.20","14,628.09"
514258,00000,"Nederveld, Inc.",8,"22,526,949.78","1,501.80",20,0.00,0.00,"1,501.80","4,535.00","16,129.89"
514355,00000,"Centennial Securities Company, Inc.",5,0.00,0.00,20,0.00,0.00,0.00,0.00,0.00
514355,00000,"Centennial Securities Company, Inc.",5,0.00,0.00,20,0.00,0.00,0.00,0.00,0.00
514355,00000,"Centennial Securities Company, Inc.",5,"7,337,231.56",305.72,20,"6,904,718.44","13,809.44","14,115.16",0.00,"14,115.16"
514355,00000,"Centennial Securities Company, Inc.",5,"7,612,751.09",317.20,20,"131,407.32",262.81,580.01,0.00,"14,695.17"
514355,00000,"Centennial Securities Company, Inc.",5,"7,913,220.24",329.72,20,"59,322.51",118.65,448.37,0.00,"15,143.54"
514355,00000,"Centennial Securities Company, Inc.",5,"7,861,321.74",327.56,20,"67,949.96",135.90,463.46,0.00,"15,607.00"
514355,00000,"Centennial Securities Company, Inc.",5,"7,905,550.14",329.40,20,"40,228.49",80.46,409.86,0.00,"16,016.86"
514355,00000,"Centennial Securities Company, Inc.",5,"8,120,732.84",338.36,20,"55,050.00",110.10,448.46,0.00,"16,465.32"
514355,00000,"Centennial Securities Company, Inc.",5,"8,132,751.07",338.86,20,"39,786.84",79.57,418.43,0.00,"16,883.75"
514355,00000,"Centennial Securities Company, Inc.",5,"8,395,835.90",349.83,20,"43,963.30",87.93,437.76,0.00,"17,321.51"
514355,00000,"Centennial Securities Company, Inc.",5,"8,360,761.96",348.37,20,"76,000.08",152.00,500.37,500.37,"17,821.88"
514355,00000,"Centennial Securities Company, Inc.",5,"8,694,886.27",362.29,20,"67,385.59",134.77,497.06,997.43,"18,318.94"
514355,00000,"Centennial Securities Company, Inc.",5,"8,154,084.13",339.75,20,"63,407.24",126.81,466.56,"1,463.99","18,785.50"
514370,00000,Comprehensive Engineering PC,5,0.00,0.00,20,0.00,0.00,0.00,0.00,0.00
514370,00000,Comprehensive Engineering PC,5,0.00,0.00,20,0.00,0.00,0.00,0.00,0.00
514370,00000,Comprehensive Engineering PC,5,"1,234,349.85",51.43,20,"1,228,121.47","2,456.24","2,507.67",0.00,"2,507.67"
514370,00000,Comprehensive Engineering PC,5,"1,500,062.51",62.50,20,"220,026.00",440.05,502.55,0.00,"3,010.22"
514370,00000,Comprehensive Engineering PC,5,"1,512,149.16",63.01,20,"21,609.72",43.22,106.23,0.00,"3,116.45"
514370,00000,Comprehensive Engineering PC,5,"1,562,497.03",65.10,20,"21,877.50",43.76,108.86,0.00,"3,225.31"
514370,00000,Comprehensive Engineering PC,5,"1,621,207.59",67.55,20,"32,058.91",64.12,131.67,0.00,"3,356.98"
514370,00000,Comprehensive Engineering PC,5,"1,623,906.52",67.66,20,"23,737.84",47.48,115.14,0.00,"3,472.12"
514370,00000,Comprehensive Engineering PC,5,"1,683,927.41",70.16,20,"35,294.89",70.59,140.75,0.00,"3,612.87"
514370,00000,Comprehensive Engineering PC,5,"1,691,711.77",70.49,20,"42,931.87",85.86,156.35,156.35,"3,769.22"
514370,00000,Comprehensive Engineering PC,5,"1,477,811.27",61.58,20,"8,178.69",16.36,77.94,234.29,"3,847.16"
514370,00000,Comprehensive Engineering PC,5,"1,103,769.86",45.99,20,0.00,0.00,45.99,280.28,"3,893.15"
514462,00000,City of Lansing,5,0.00,0.00,20,0.00,0.00,0.00,0.00,0.00
514462,00000,City of Lansing,5,"8,244,720.96",343.53,20,"8,172,838.09","16,345.68","16,689.21","16,689.21","16,689.21"
514462,00000,City of Lansing,5,"8,443,329.04",351.81,20,0.00,0.00,351.81,"17,041.02","17,041.02"
514462,00000,City of Lansing,5,"8,054,927.74",335.62,20,0.00,0.00,335.62,"17,376.64","17,376.64"
514512,00000,"H & S Companies, P.C.",5,0.00,0.00,20,0.00,0.00,0.00,0.00,0.00
514512,00000,"H & S Companies, P.C.",5,0.00,0.00,20,0.00,0.00,0.00,0.00,0.00
514537,00000,Vogel Engineering,5,0.00,0.00,20,0.00,0.00,0.00,0.00,0.00
809550,00000,Grandville Dental Health Center P.C.,0,"3,369,591.29",0.00,10,0.00,0.00,0.00,0.00,0.00
809550,00000,Grandville Dental Health Center P.C.,0,"3,417,292.88",0.00,10,0.00,0.00,0.00,0.00,0.00
809550,00000,Grandville Dental Health Center P.C.,0,"3,556,095.06",0.00,10,0.00,0.00,0.00,0.00,0.00
809550,00000,Grandville Dental Health Center P.C.,0,"3,615,704.87",0.00,10,0.00,0.00,0.00,0.00,0.00
809550,00000,Grandville Dental Health Center P.C.,0,"3,569,316.74",0.00,10,0.00,0.00,0.00,0.00,0.00
809550,00000,Grandville Dental Health Center P.C.,0,"3,747,205.83",0.00,10,0.00,0.00,0.00,0.00,0.00
809550,00000,Grandville Dental Health Center P.C.,0,"3,731,440.30",0.00,10,0.00,0.00,0.00,0.00,0.00
809550,00000,Grandville Dental Health Center P.C.,0,"3,914,086.35",0.00,10,0.00,0.00,0.00,0.00,0.00
809550,00000,Grandville Dental Health Center P.C.,0,"3,874,011.57",0.00,10,0.00,0.00,0.00,0.00,0.00
809550,00000,Grandville Dental Health Center P.C.,0,"3,937,702.60",0.00,10,0.00,0.00,0.00,0.00,0.00
809550,00000,Grandville Dental Health Center P.C.,0,"4,051,099.35",0.00,10,0.00,0.00,0.00,0.00,0.00
809550,00000,Grandville Dental Health Center P.C.,0,"4,059,363.10",0.00,10,0.00,0.00,0.00,0.00,0.00
809550,00000,Grandville Dental Health Center P.C.,0,"4,168,584.44",0.00,10,0.00,0.00,0.00,0.00,0.00
809550,00000,Grandville Dental Health Center P.C.,0,"4,119,958.07",0.00,10,0.00,0.00,0.00,0.00,0.00
809550,00000,Grandville Dental Health Center P.C.,0,"4,242,953.25",0.00,10,0.00,0.00,0.00,0.00,0.00
809550,00000,Grandville Dental Health Center P.C.,0,"4,009,431.21",0.00,10,0.00,0.00,0.00,0.00,0.00
809956,00000,JNJ Restaurant Group LLC,5,"525,941.27",21.91,0,0.00,0.00,21.91,0.00,21.91
810521,00000,"Anchor Real Estate of Hart, PC",5,"505,679.79",21.07,0,0.00,0.00,21.07,0.00,21.07
810521,00000,"Anchor Real Estate of Hart, PC",5,"488,955.04",20.37,0,0.00,0.00,20.37,0.00,41.44
811372,00000,Meyering Insurance Agency,30,"2,243,479.01",560.87,20,0.00,0.00,560.87,560.87,560.87
811372,00000,Meyering Insurance Agency,30,"2,328,865.92",582.22,20,0.00,0.00,582.22,"1,143.09","1,143.09"
811372,00000,Meyering Insurance Agency,30,"2,385,193.71",596.30,20,0.00,0.00,596.30,"1,739.39","1,739.39"
811372,00000,Meyering Insurance Agency,30,"2,393,398.17",598.35,20,0.00,0.00,598.35,"2,337.74","2,337.74"
811372,00000,Meyering Insurance Agency,30,"2,596,726.32",649.18,20,0.00,0.00,649.18,"2,986.92","2,986.92"
811372,00000,Meyering Insurance Agency,30,"2,624,003.61",656.00,20,0.00,0.00,656.00,"3,642.92","3,642.92"
811372,00000,Meyering Insurance Agency,30,"2,726,007.65",681.50,20,0.00,0.00,681.50,"4,324.42","4,324.42"
811372,00000,Meyering Insurance Agency,30,"2,731,254.64",682.81,20,0.00,0.00,682.81,"5,007.23","5,007.23"
811372,00000,Meyering Insurance Agency,30,"2,815,649.97",703.91,20,0.00,0.00,703.91,"5,711.14","5,711.14"
811372,00000,Meyering Insurance Agency,30,"2,892,575.12",723.14,20,0.00,0.00,723.14,"6,434.28","6,434.28"
811372,00000,Meyering Insurance Agency,30,"2,883,837.91",720.96,20,0.00,0.00,720.96,"7,155.24","7,155.24"
811372,00000,Meyering Insurance Agency,30,"2,972,370.38",743.09,20,0.00,0.00,743.09,"7,898.33","7,898.33"
811372,00000,Meyering Insurance Agency,30,"2,968,158.99",742.04,20,0.00,0.00,742.04,742.04,"8,640.37"
811372,00000,Meyering Insurance Agency,30,"3,091,179.35",772.79,20,0.00,0.00,772.79,"1,514.83","9,413.16"
811372,00000,Meyering Insurance Agency,30,"3,000,624.11",750.16,20,0.00,0.00,750.16,"2,264.99","10,163.32"
811411,00000,"CFS Products, Inc.",30,"498,421.25",124.61,20,0.00,0.00,124.61,124.61,124.61
811411,00000,"CFS Products, Inc.",30,"527,893.28",131.97,20,0.00,0.00,131.97,256.58,256.58
811411,00000,"CFS Products, Inc.",30,"548,328.10",137.08,20,0.00,0.00,137.08,393.66,393.66
811411,00000,"CFS Products, Inc.",30,"552,837.73",138.21,20,0.00,0.00,138.21,531.87,531.87
811411,00000,"CFS Products, Inc.",30,"590,348.70",147.59,20,0.00,0.00,147.59,679.46,679.46
811411,00000,"CFS Products, Inc.",30,"602,656.35",150.66,20,0.00,0.00,150.66,830.12,830.12
811411,00000,"CFS Products, Inc.",30,"631,552.35",157.89,20,0.00,0.00,157.89,988.01,988.01
811411,00000,"CFS Products, Inc.",30,"639,529.51",159.88,20,0.00,0.00,159.88,"1,147.89","1,147.89"
811411,00000,"CFS Products, Inc.",30,"659,812.90",164.95,20,0.00,0.00,164.95,"1,312.84","1,312.84"
811411,00000,"CFS Products, Inc.",30,"686,498.94",171.62,20,0.00,0.00,171.62,"1,484.46","1,484.46"
811411,00000,"CFS Products, Inc.",30,"689,916.08",172.48,20,0.00,0.00,172.48,"1,656.94","1,656.94"
811411,00000,"CFS Products, Inc.",30,"723,753.86",180.94,20,0.00,0.00,180.94,"1,837.88","1,837.88"
811411,00000,"CFS Products, Inc.",30,"722,589.18",180.65,20,0.00,0.00,180.65,180.65,"2,018.53"
811411,00000,"CFS Products, Inc.",30,"754,105.07",188.53,20,0.00,0.00,188.53,369.18,"2,207.06"
811411,00000,"CFS Products, Inc.",30,"720,379.42",180.09,20,0.00,0.00,180.09,549.27,"2,387.15"
811774,00000,Integris Solutions LLC,5,"2,019,302.00",84.14,0,0.00,0.00,84.14,0.00,84.14
811774,00000,Integris Solutions LLC,5,"2,069,632.43",86.23,0,0.00,0.00,86.23,86.23,170.37
811774,00000,Integris Solutions LLC,5,"2,196,651.61",91.53,0,0.00,0.00,91.53,177.76,261.90
811774,00000,Integris Solutions LLC,5,"2,040,579.52",85.02,0,0.00,0.00,85.02,262.78,346.92
811774,00000,Integris Solutions LLC,5,"2,088,497.90",87.02,0,0.00,0.00,87.02,349.80,433.94
811774,00000,Integris Solutions LLC,5,"2,212,222.33",92.18,0,0.00,0.00,92.18,441.98,526.12
811774,00000,Integris Solutions LLC,5,"2,277,866.39",94.91,0,0.00,0.00,94.91,536.89,621.03
811774,00000,Integris Solutions LLC,5,"2,401,089.61",100.05,0,0.00,0.00,100.05,636.94,721.08
811774,00000,Integris Solutions LLC,5,"2,425,234.28",101.05,0,0.00,0.00,101.05,737.99,822.13
811774,00000,Integris Solutions LLC,5,"2,512,212.74",104.68,0,0.00,0.00,104.68,842.67,926.81
811774,00000,Integris Solutions LLC,5,"2,624,506.65",109.35,0,0.00,0.00,109.35,952.02,"1,036.16"
811774,00000,Integris Solutions LLC,5,"2,671,376.20",111.31,0,0.00,0.00,111.31,"1,063.33","1,147.47"
811774,00000,Integris Solutions LLC,5,"2,811,281.01",117.14,0,0.00,0.00,117.14,"1,180.47","1,264.61"
811774,00000,Integris Solutions LLC,5,"2,788,454.17",116.19,0,0.00,0.00,116.19,116.19,"1,380.80"
811774,00000,Integris Solutions LLC,5,"2,899,637.62",120.82,0,0.00,0.00,120.82,237.01,"1,501.62"
811774,00000,Integris Solutions LLC,5,"2,784,894.09",116.04,0,0.00,0.00,116.04,353.05,"1,617.66"
812175,00000,"Stellar Image Studios, LLC",5,"26,993.06",1.12,20,0.00,0.00,1.12,1.12,1.12
812307,00000,"Animal Clinic of Holland, PLLC",50,"85,866.82",35.78,20,"9,849.67",19.70,55.48,55.48,55.48
812307,00000,"Animal Clinic of Holland, PLLC",50,"98,575.06",41.07,20,"10,138.08",20.28,61.35,116.83,116.83
812307,00000,"Animal Clinic of Holland, PLLC",50,"101,848.91",42.44,20,0.00,0.00,42.44,159.27,159.27
812307,00000,"Animal Clinic of Holland, PLLC",50,"116,925.73",48.72,20,0.00,0.00,48.72,207.99,207.99
812307,00000,"Animal Clinic of Holland, PLLC",50,"129,823.97",54.09,20,0.00,0.00,54.09,262.08,262.08
812307,00000,"Animal Clinic of Holland, PLLC",50,"137,898.42",57.46,20,0.00,0.00,57.46,319.54,319.54
812307,00000,"Animal Clinic of Holland, PLLC",50,"153,319.42",63.88,20,0.00,0.00,63.88,383.42,383.42
812307,00000,"Animal Clinic of Holland, PLLC",50,"160,596.62",66.92,20,0.00,0.00,66.92,450.34,450.34
812307,00000,"Animal Clinic of Holland, PLLC",50,"171,139.18",71.31,20,0.00,0.00,71.31,521.65,521.65
812307,00000,"Animal Clinic of Holland, PLLC",50,"183,516.87",76.47,20,0.00,0.00,76.47,598.12,598.12
812307,00000,"Animal Clinic of Holland, PLLC",50,"189,849.36",79.10,20,0.00,0.00,79.10,677.22,677.22
812307,00000,"Animal Clinic of Holland, PLLC",50,"203,608.71",84.84,20,0.00,0.00,84.84,762.06,762.06
812307,00000,"Animal Clinic of Holland, PLLC",50,"208,830.30",87.01,20,0.00,0.00,87.01,87.01,849.07
812307,00000,"Animal Clinic of Holland, PLLC",50,"213,925.45",89.14,20,0.00,0.00,89.14,176.15,938.21
812307,00000,"Animal Clinic of Holland, PLLC",50,"208,140.40",86.73,20,0.00,0.00,86.73,262.88,"1,024.94"
812357,00000,Mayville State Bank,5,"3,238,161.36",134.92,30,"4,257.52",12.77,147.69,0.00,147.69
812357,00000,Mayville State Bank,5,"3,231,907.04",134.66,30,"4,580.25",13.74,148.40,148.40,296.09
812357,00000,Mayville State Bank,5,"2,930,371.39",122.10,30,"4,259.11",12.78,134.88,283.28,430.97
812357,00000,Mayville State Bank,5,"3,004,625.34",125.19,30,"40,658.25",121.97,247.16,530.44,678.13
812357,00000,Mayville State Bank,5,"2,980,694.53",124.20,30,"4,258.63",12.78,136.98,667.42,815.11
812357,00000,Mayville State Bank,5,"3,080,815.65",128.37,30,"4,187.22",12.56,140.93,808.35,956.04
812357,00000,Mayville State Bank,5,"3,080,295.59",128.35,30,"4,181.55",12.54,140.89,949.24,"1,096.93"
812357,00000,Mayville State Bank,5,"3,128,441.68",130.35,30,"4,176.96",12.53,142.88,"1,092.12","1,239.81"
812357,00000,Mayville State Bank,5,"3,427,996.75",142.83,30,0.00,0.00,142.83,"1,234.95","1,382.64"
812357,00000,Mayville State Bank,5,"3,480,140.27",145.01,30,0.00,0.00,145.01,"1,379.96","1,527.65"
812357,00000,Mayville State Bank,5,"3,521,885.59",146.75,30,0.00,0.00,146.75,"1,526.71","1,674.40"
812357,00000,Mayville State Bank,5,"3,491,752.40",145.49,30,0.00,0.00,145.49,"1,672.20","1,819.89"
812357,00000,Mayville State Bank,5,"3,521,094.64",146.71,30,0.00,0.00,146.71,"1,818.91","1,966.60"
812357,00000,Mayville State Bank,5,"3,483,368.78",145.14,30,0.00,0.00,145.14,145.14,"2,111.74"
812357,00000,Mayville State Bank,5,"3,577,427.10",149.06,30,0.00,0.00,149.06,294.20,"2,260.80"
812357,00000,Mayville State Bank,5,"3,458,534.30",144.11,30,0.00,0.00,144.11,438.31,"2,404.91"
812427,00000,"Retirement Living Mgmt., LLC",10,"768,697.03",64.06,20,"7,689.08",15.38,79.44,79.44,79.44
812427,00000,"Retirement Living Mgmt., LLC",10,"817,704.16",68.14,20,"30,023.52",60.05,128.19,207.63,207.63
812427,00000,"Retirement Living Mgmt., LLC",10,"837,313.40",69.78,20,"7,748.52",15.50,85.28,292.91,292.91
812427,00000,"Retirement Living Mgmt., LLC",10,"835,935.56",69.66,20,"8,310.40",16.62,86.28,379.19,379.19
812427,00000,"Retirement Living Mgmt., LLC",10,"872,959.10",72.75,20,"12,694.88",25.39,98.14,477.33,477.33
812427,00000,"Retirement Living Mgmt., LLC",10,"880,748.61",73.40,20,"8,533.92",17.07,90.47,567.80,567.80
812427,00000,"Retirement Living Mgmt., LLC",10,"911,621.67",75.97,20,"8,460.72",16.92,92.89,660.69,660.69
812427,00000,"Retirement Living Mgmt., LLC",10,"918,770.44",76.56,20,"8,467.98",16.94,93.50,754.19,754.19
812427,00000,"Retirement Living Mgmt., LLC",10,"932,584.80",77.72,20,"8,863.51",17.73,95.45,849.64,849.64
812427,00000,"Retirement Living Mgmt., LLC",10,"958,695.29",79.89,20,"12,718.60",25.44,105.33,954.97,954.97
812427,00000,"Retirement Living Mgmt., LLC",10,"981,203.74",81.77,20,"33,921.47",67.84,149.61,"1,104.58","1,104.58"
812427,00000,"Retirement Living Mgmt., LLC",10,"1,012,574.89",84.38,20,0.00,0.00,84.38,"1,188.96","1,188.96"
812427,00000,"Retirement Living Mgmt., LLC",10,"991,716.11",82.64,20,0.00,0.00,82.64,82.64,"1,271.60"
812427,00000,"Retirement Living Mgmt., LLC",10,"1,031,971.93",86.00,20,0.00,0.00,86.00,168.64,"1,357.60"
812427,00000,"Retirement Living Mgmt., LLC",10,"986,206.73",82.18,20,0.00,0.00,82.18,250.82,"1,439.78"
812539,00000,Parts And Screens dba Brown Manufacturing,5,0.00,0.00,20,0.00,0.00,0.00,0.00,0.00
812539,00000,Parts And Screens dba Brown Manufacturing,5,0.00,0.00,20,0.00,0.00,0.00,0.00,0.00
812539,00000,Parts And Screens dba Brown Manufacturing,5,0.00,0.00,20,0.00,0.00,0.00,0.00,0.00
812539,00000,Parts And Screens dba Brown Manufacturing,5,"4,521,121.28",188.38,20,"4,450,566.34","8,901.13","9,089.51","9,089.51","9,089.51"
812539,00000,Parts And Screens dba Brown Manufacturing,5,"4,494,769.43",187.28,20,"21,318.10",42.64,229.92,"9,319.43","9,319.43"
812539,00000,Parts And Screens dba Brown Manufacturing,5,"4,746,615.05",197.78,20,"87,753.12",175.51,373.29,"9,692.72","9,692.72"
812539,00000,Parts And Screens dba Brown Manufacturing,5,"4,757,114.56",198.21,20,"4,907.26",9.81,208.02,"9,900.74","9,900.74"
812539,00000,Parts And Screens dba Brown Manufacturing,5,"4,881,431.05",203.39,20,"4,919.00",9.84,213.23,"10,113.97","10,113.97"
812539,00000,Parts And Screens dba Brown Manufacturing,5,"4,866,546.44",202.77,20,"4,920.30",9.84,212.61,"10,326.58","10,326.58"
812539,00000,Parts And Screens dba Brown Manufacturing,5,"4,947,800.01",206.16,20,"7,356.18",14.71,220.87,"10,547.45","10,547.45"
812539,00000,Parts And Screens dba Brown Manufacturing,5,"5,105,228.11",212.72,20,"96,425.20",192.85,405.57,"10,953.02","10,953.02"
812539,00000,Parts And Screens dba Brown Manufacturing,5,"5,070,014.40",211.25,20,"4,920.20",9.84,221.09,"11,174.11","11,174.11"
812539,00000,Parts And Screens dba Brown Manufacturing,5,"5,162,682.52",215.11,20,"4,922.34",9.84,224.95,"11,399.06","11,399.06"
812539,00000,Parts And Screens dba Brown Manufacturing,5,"5,205,673.57",216.90,20,"118,484.96",236.97,453.87,453.87,"11,852.93"
812539,00000,Parts And Screens dba Brown Manufacturing,5,"5,351,407.35",222.98,20,"7,388.66",14.78,237.76,691.63,"12,090.69"
812539,00000,Parts And Screens dba Brown Manufacturing,5,"5,209,710.66",217.07,20,0.00,0.00,217.07,908.70,"12,307.76"
812623,00000,B&L Systems LLC dba Fifth Wheel Freight,5,"2,473,611.10",103.07,20,"2,348,420.25","4,696.84","4,799.91",0.00,"4,799.91"
812623,00000,B&L Systems LLC dba Fifth Wheel Freight,5,"2,574,855.51",107.29,20,"80,746.29",161.49,268.78,268.78,"5,068.69"
812623,00000,B&L Systems LLC dba Fifth Wheel Freight,5,"2,966,999.07",123.62,20,"270,123.76",540.25,663.87,932.65,"5,732.56"
812623,00000,B&L Systems LLC dba Fifth Wheel Freight,5,"3,069,415.20",127.89,20,"57,344.00",114.69,242.58,"1,175.23","5,975.14"
812623,00000,B&L Systems LLC dba Fifth Wheel Freight,5,"3,061,304.10",127.55,20,"59,773.94",119.55,247.10,"1,422.33","6,222.24"
812623,00000,B&L Systems LLC dba Fifth Wheel Freight,5,"3,286,484.18",136.94,20,"60,470.31",120.94,257.88,"1,680.21","6,480.12"
812623,00000,B&L Systems LLC dba Fifth Wheel Freight,5,"3,352,350.23",139.68,20,"64,751.79",129.50,269.18,"1,949.39","6,749.30"
812623,00000,B&L Systems LLC dba Fifth Wheel Freight,5,"3,533,856.12",147.24,20,"66,657.98",133.32,280.56,"2,229.95","7,029.86"
812623,00000,B&L Systems LLC dba Fifth Wheel Freight,5,"3,541,504.42",147.56,20,"97,849.21",195.70,343.26,"2,573.21","7,373.12"
812623,00000,B&L Systems LLC dba Fifth Wheel Freight,5,"3,572,393.38",148.85,20,"76,892.93",153.79,302.64,"2,875.85","7,675.76"
812623,00000,B&L Systems LLC dba Fifth Wheel Freight,5,"3,713,890.33",154.75,20,"101,653.32",203.31,358.06,"3,233.91","8,033.82"
812623,00000,B&L Systems LLC dba Fifth Wheel Freight,5,"3,755,897.14",156.50,20,"91,645.75",183.29,339.79,"3,573.70","8,373.61"
812623,00000,B&L Systems LLC dba Fifth Wheel Freight,5,"3,982,450.68",165.94,20,0.00,0.00,165.94,"3,739.64","8,539.55"
812623,00000,B&L Systems LLC dba Fifth Wheel Freight,5,"3,981,732.46",165.91,20,0.00,0.00,165.91,165.91,"8,705.46"
812623,00000,B&L Systems LLC dba Fifth Wheel Freight,5,"4,181,547.75",174.23,20,0.00,0.00,174.23,340.14,"8,879.69"
812623,00000,B&L Systems LLC dba Fifth Wheel Freight,5,"4,008,973.56",167.04,20,0.00,0.00,167.04,507.18,"9,046.73"
812630,00000,"The Cottage Company of Harbor Springs, LLC",5,0.00,0.00,20,0.00,0.00,0.00,0.00,0.00
812630,00000,"The Cottage Company of Harbor Springs, LLC",5,"3,910.02",0.16,20,"3,910.02",7.82,7.98,7.98,7.98
812630,00000,"The Cottage Company of Harbor Springs, LLC",5,"731,257.89",30.47,20,"719,278.39","1,438.56","1,469.03","1,477.01","1,477.01"
812630,00000,"The Cottage Company of Harbor Springs, LLC",5,"750,484.87",31.27,20,"13,831.83",27.66,58.93,"1,535.94","1,535.94"
812630,00000,"The Cottage Company of Harbor Springs, LLC",5,"753,567.62",31.40,20,"13,614.49",27.23,58.63,"1,594.57","1,594.57"
812630,00000,"The Cottage Company of Harbor Springs, LLC",5,"800,572.09",33.36,20,"13,571.15",27.14,60.50,"1,655.07","1,655.07"
812630,00000,"The Cottage Company of Harbor Springs, LLC",5,"835,803.61",34.83,20,"19,790.64",39.58,74.41,"1,729.48","1,729.48"
812630,00000,"The Cottage Company of Harbor Springs, LLC",5,"870,851.10",36.29,20,"12,744.06",25.49,61.78,"1,791.26","1,791.26"
812630,00000,"The Cottage Company of Harbor Springs, LLC",5,"868,551.56",36.19,20,"12,886.42",25.77,61.96,"1,853.22","1,853.22"
812630,00000,"The Cottage Company of Harbor Springs, LLC",5,"891,302.52",37.14,20,"12,780.11",25.56,62.70,"1,915.92","1,915.92"
812630,00000,"The Cottage Company of Harbor Springs, LLC",5,"931,679.06",38.82,20,"16,150.63",32.30,71.12,"1,987.04","1,987.04"
812630,00000,"The Cottage Company of Harbor Springs, LLC",5,"955,774.54",39.82,20,"15,802.48",31.60,71.42,"2,058.46","2,058.46"
812630,00000,"The Cottage Company of Harbor Springs, LLC",5,"343,981.91",14.33,20,"9,524.40",19.05,33.38,"2,091.84","2,091.84"
812630,00000,"The Cottage Company of Harbor Springs, LLC",5,"348,148.96",14.51,20,"10,142.57",20.29,34.80,34.80,"2,126.64"
812630,00000,"The Cottage Company of Harbor Springs, LLC",5,"365,484.18",15.23,20,0.00,0.00,15.23,50.03,"2,141.87"
812630,00000,"The Cottage Company of Harbor Springs, LLC",5,"346,256.42",14.43,20,0.00,0.00,14.43,64.46,"2,156.30"
812662,00000,"Wentworth Builders, Inc.",5,0.00,0.00,20,0.00,0.00,0.00,0.00,0.00
812662,00000,"Wentworth Builders, Inc.",5,0.00,0.00,20,0.00,0.00,0.00,0.00,0.00
812662,00000,"Wentworth Builders, Inc.",5,"2,222,939.48",92.62,20,"2,154,963.05","4,309.93","4,402.55","4,402.55","4,402.55"
812662,00000,"Wentworth Builders, Inc.",5,"2,375,139.30",98.96,20,"128,926.93",257.85,356.81,"4,759.36","4,759.36"
812718,00000,Triangle Wellness & Recovery PLLC,5,0.00,0.00,20,0.00,0.00,0.00,0.00,0.00
812718,00000,Triangle Wellness & Recovery PLLC,5,0.00,0.00,20,0.00,0.00,0.00,0.00,0.00
812718,00000,Triangle Wellness & Recovery PLLC,5,"123,969.96",5.17,20,"123,809.68",247.62,252.79,252.79,252.79
812718,00000,Triangle Wellness & Recovery PLLC,5,"123,189.34",5.13,20,"1,036.98",2.07,7.20,259.99,259.99
812718,00000,Triangle Wellness & Recovery PLLC,5,"160,097.75",6.67,20,"30,036.51",60.07,66.74,326.73,326.73
812718,00000,Triangle Wellness & Recovery PLLC,5,"163,253.61",6.80,20,"3,309.01",6.62,13.42,340.15,340.15
812718,00000,Triangle Wellness & Recovery PLLC,5,"171,085.58",7.13,20,"1,673.96",3.35,10.48,350.63,350.63
812718,00000,Triangle Wellness & Recovery PLLC,5,"171,160.81",7.13,20,"1,818.58",3.64,10.77,361.40,361.40
812718,00000,Triangle Wellness & Recovery PLLC,5,"197,840.28",8.24,20,"23,281.43",46.56,54.80,416.20,416.20
812718,00000,Triangle Wellness & Recovery PLLC,5,"203,527.60",8.48,20,"1,664.05",3.33,11.81,428.01,428.01
812718,00000,Triangle Wellness & Recovery PLLC,5,"201,707.25",8.40,20,0.00,0.00,8.40,436.41,436.41
812718,00000,Triangle Wellness & Recovery PLLC,5,"209,821.72",8.74,20,"3,161.28",6.32,15.06,451.47,451.47
812718,00000,Triangle Wellness & Recovery PLLC,5,"206,863.86",8.62,20,"1,580.64",3.16,11.78,11.78,463.25
812718,00000,Triangle Wellness & Recovery PLLC,5,"216,212.51",9.01,20,"1,614.65",3.23,12.24,24.02,475.49
812718,00000,Triangle Wellness & Recovery PLLC,5,"208,169.98",8.67,20,"1,670.93",3.34,12.01,36.03,487.50
812788,00000,"Prize Pest Control, Inc.",5,0.00,0.00,20,0.00,0.00,0.00,0.00,0.00
812788,00000,"Prize Pest Control, Inc.",5,0.00,0.00,20,0.00,0.00,0.00,0.00,0.00
812788,00000,"Prize Pest Control, Inc.",5,0.00,0.00,20,0.00,0.00,0.00,0.00,0.00
812788,00000,"Prize Pest Control, Inc.",5,0.00,0.00,20,0.00,0.00,0.00,0.00,0.00
812788,00000,"Prize Pest Control, Inc.",5,0.00,0.00,20,0.00,0.00,0.00,0.00,0.00
812788,00000,"Prize Pest Control, Inc.",5,0.00,0.00,20,0.00,0.00,0.00,0.00,0.00
812788,00000,"Prize Pest Control, Inc.",5,0.00,0.00,20,0.00,0.00,0.00,0.00,0.00
812788,00000,"Prize Pest Control, Inc.",5,0.00,0.00,20,0.00,0.00,0.00,0.00,0.00
812788,00000,"Prize Pest Control, Inc.",5,0.00,0.00,20,0.00,0.00,0.00,0.00,0.00
812788,00000,"Prize Pest Control, Inc.",5,0.00,0.00,20,0.00,0.00,0.00,0.00,0.00
812788,00000,"Prize Pest Control, Inc.",5,0.00,0.00,20,0.00,0.00,0.00,0.00,0.00
812788,00000,"Prize Pest Control, Inc.",5,0.00,0.00,20,0.00,0.00,0.00,0.00,0.00
812788,00000,"Prize Pest Control, Inc.",5,0.00,0.00,20,0.00,0.00,0.00,0.00,0.00
812788,00000,"Prize Pest Control, Inc.",5,0.00,0.00,20,0.00,0.00,0.00,0.00,0.00
812788,00000,"Prize Pest Control, Inc.",5,0.00,0.00,20,0.00,0.00,0.00,0.00,0.00
812831,00000,Waste Recovery Systems,5,"64,030.31",2.67,20,"64,016.77",128.03,130.70,0.00,130.70
812831,00000,Waste Recovery Systems,5,"87,358.58",3.64,20,"24,870.18",49.74,53.38,0.00,184.08
812831,00000,Waste Recovery Systems,5,"119,297.24",4.97,20,"26,594.25",53.19,58.16,0.00,242.24
812831,00000,Waste Recovery Systems,5,"727,080.49",30.30,20,"607,412.39","1,214.82","1,245.12",0.00,"1,487.36"
812831,00000,Waste Recovery Systems,5,"781,567.18",32.57,20,"26,942.85",53.89,86.46,0.00,"1,573.82"
812831,00000,Waste Recovery Systems,5,"834,070.57",34.75,20,"60,413.91",120.83,155.58,0.00,"1,729.40"
812831,00000,Waste Recovery Systems,5,"909,812.00",37.91,20,"60,155.58",120.31,158.22,0.00,"1,887.62"
812831,00000,Waste Recovery Systems,5,"959,875.92",39.99,20,"30,437.27",60.87,100.86,0.00,"1,988.48"
812831,00000,Waste Recovery Systems,5,"988,562.31",41.19,20,"36,715.07",73.43,114.62,0.00,"2,103.10"
812831,00000,Waste Recovery Systems,5,"1,050,498.82",43.77,20,"36,874.74",73.75,117.52,0.00,"2,220.62"
812831,00000,Waste Recovery Systems,5,"1,054,943.44",43.96,20,"27,126.87",54.25,98.21,98.21,"2,318.83"
812831,00000,Waste Recovery Systems,5,"1,131,202.64",47.13,20,"35,764.71",71.53,118.66,216.87,"2,437.49"
812831,00000,Waste Recovery Systems,5,"1,108,083.57",46.17,20,"14,508.66",29.02,75.19,292.06,"2,512.68"
812833,00000,SES Environmental,5,"103,130.20",4.30,20,"16,188.38",32.38,36.68,0.00,36.68
812833,00000,SES Environmental,5,"130,600.06",5.44,20,"23,790.37",47.58,53.02,0.00,89.70
812833,00000,SES Environmental,5,"145,918.46",6.08,20,"15,764.61",31.53,37.61,0.00,127.31
812833,00000,SES Environmental,5,"171,367.50",7.14,20,"23,028.71",46.06,53.20,0.00,180.51
812833,00000,SES Environmental,5,"188,705.17",7.86,20,"14,308.31",28.62,36.48,0.00,216.99
812833,00000,SES Environmental,5,"202,249.29",8.43,20,"15,358.26",30.72,39.15,0.00,256.14
812833,00000,SES Environmental,5,"224,678.46",9.36,20,"17,467.34",34.93,44.29,0.00,300.43
812833,00000,SES Environmental,5,"242,973.54",10.12,20,"22,466.95",44.93,55.05,55.05,355.48
812833,00000,SES Environmental,5,"375,950.62",15.66,20,"135,149.86",270.30,285.96,341.01,641.44
812833,00000,SES Environmental,5,"382,653.94",15.94,20,0.00,0.00,15.94,356.95,657.38
812893,00000,"Justin J. Hollander, D.O., P.C.",5,0.00,0.00,20,0.00,0.00,0.00,0.00,0.00
812893,00000,"Justin J. Hollander, D.O., P.C.",5,0.00,0.00,20,0.00,0.00,0.00,0.00,0.00
812893,00000,"Justin J. Hollander, D.O., P.C.",5,0.00,0.00,20,0.00,0.00,0.00,0.00,0.00
812893,00000,"Justin J. Hollander, D.O., P.C.",5,0.00,0.00,20,0.00,0.00,0.00,0.00,0.00
812893,00000,"Justin J. Hollander, D.O., P.C.",5,0.00,0.00,20,0.00,0.00,0.00,0.00,0.00
812893,00000,"Justin J. Hollander, D.O., P.C.",5,0.00,0.00,20,0.00,0.00,0.00,0.00,0.00
812893,00000,"Justin J. Hollander, D.O., P.C.",5,0.00,0.00,20,0.00,0.00,0.00,0.00,0.00
812893,00000,"Justin J. Hollander, D.O., P.C.",5,0.00,0.00,20,0.00,0.00,0.00,0.00,0.00
812893,00000,"Justin J. Hollander, D.O., P.C.",5,0.00,0.00,20,0.00,0.00,0.00,0.00,0.00
812893,00000,"Justin J. Hollander, D.O., P.C.",5,0.00,0.00,20,0.00,0.00,0.00,0.00,0.00
812893,00000,"Justin J. Hollander, D.O., P.C.",5,0.00,0.00,20,0.00,0.00,0.00,0.00,0.00
812893,00000,"Justin J. Hollander, D.O., P.C.",5,0.00,0.00,20,0.00,0.00,0.00,0.00,0.00
812930,00000,Cadillac Coffee Company,5,"3,598,998.20",149.96,20,"5,814.36",11.63,161.59,0.00,161.59
812930,00000,Cadillac Coffee Company,5,"3,655,874.18",152.33,20,"22,977.29",45.95,198.28,0.00,359.87
812930,00000,Cadillac Coffee Company,5,"3,678,097.49",153.25,20,"10,350.27",20.70,173.95,0.00,533.82
812930,00000,Cadillac Coffee Company,5,"3,651,311.16",152.14,20,"15,457.78",30.92,183.06,0.00,716.88
812930,00000,Cadillac Coffee Company,5,"3,629,474.74",151.23,20,"10,454.28",20.91,172.14,0.00,889.02
812930,00000,Cadillac Coffee Company,5,"3,577,624.80",149.07,20,"10,123.31",20.25,169.32,169.32,"1,058.34"
812930,00000,Cadillac Coffee Company,5,"3,678,750.05",153.28,20,"10,649.68",21.30,174.58,343.90,"1,232.92"
812930,00000,Cadillac Coffee Company,5,"3,576,260.01",149.01,20,"10,292.27",20.58,169.59,513.49,"1,402.51"
812984,00000,"Country Life Natural Foods, Inc.",5,0.00,0.00,20,0.00,0.00,0.00,0.00,0.00
812984,00000,"Country Life Natural Foods, Inc.",5,0.00,0.00,20,0.00,0.00,0.00,0.00,0.00
812984,00000,"Country Life Natural Foods, Inc.",5,"16,833.34",0.70,20,"16,439.43",32.88,33.58,0.00,33.58
812984,00000,"Country Life Natural Foods, Inc.",5,"28,522.10",1.19,20,"11,774.92",23.55,24.74,0.00,58.32
812984,00000,"Country Life Natural Foods, Inc.",5,"103,337.33",4.31,20,"73,383.61",146.77,151.08,0.00,209.40
812984,00000,"Country Life Natural Foods, Inc.",5,"108,499.92",4.52,20,"3,866.85",7.73,12.25,0.00,221.65
812984,00000,"Country Life Natural Foods, Inc.",5,"173,318.83",7.22,20,"66,558.72",133.12,140.34,0.00,361.99
812984,00000,"Country Life Natural Foods, Inc.",5,"223,898.92",9.33,20,"48,473.92",96.95,106.28,0.00,468.27
812984,00000,"Country Life Natural Foods, Inc.",5,"221,291.45",9.22,20,0.00,0.00,9.22,9.22,477.49
812984,00000,"Country Life Natural Foods, Inc.",5,"225,654.76",9.40,20,0.00,0.00,9.40,18.62,486.89
812984,00000,"Country Life Natural Foods, Inc.",5,"233,537.62",9.73,20,"13,183.96",26.37,36.10,54.72,522.99
813002,00000,RCD Demolition,5,0.00,0.00,20,0.00,0.00,0.00,0.00,0.00
813002,00000,RCD Demolition,5,"4,464.85",0.19,20,"4,433.61",8.87,9.06,0.00,9.06
813002,00000,RCD Demolition,5,"25,067.13",1.04,20,"20,216.43",40.43,41.47,0.00,50.53
813002,00000,RCD Demolition,5,"50,690.94",2.11,20,"24,989.85",49.98,52.09,0.00,102.62
813002,00000,RCD Demolition,5,"72,433.18",3.02,20,"21,530.31",43.06,46.08,0.00,148.70
813002,00000,RCD Demolition,5,"99,023.24",4.13,20,"27,412.35",54.82,58.95,0.00,207.65
813002,00000,RCD Demolition,5,"129,999.67",5.42,20,"28,747.73",57.50,62.92,0.00,270.57
813002,00000,RCD Demolition,5,"144,780.53",6.03,20,"19,247.95",38.50,44.53,44.53,315.10
813002,00000,RCD Demolition,5,"170,209.62",7.09,20,"21,753.87",43.51,50.60,95.13,365.70
813002,00000,RCD Demolition,5,"175,378.04",7.31,20,"16,795.84",33.59,40.90,136.03,406.60
813016,00000,"Kevin C Cooper, DDS PC",5,0.00,0.00,20,0.00,0.00,0.00,0.00,0.00
813016,00000,"Kevin C Cooper, DDS PC",5,0.00,0.00,20,0.00,0.00,0.00,0.00,0.00
813016,00000,"Kevin C Cooper, DDS PC",5,0.00,0.00,20,0.00,0.00,0.00,0.00,0.00
813016,00000,"Kevin C Cooper, DDS PC",5,0.00,0.00,20,0.00,0.00,0.00,0.00,0.00
813016,00000,"Kevin C Cooper, DDS PC",5,0.00,0.00,20,0.00,0.00,0.00,0.00,0.00
813016,00000,"Kevin C Cooper, DDS PC",5,"881,007.01",36.71,20,"865,470.85","1,730.94","1,767.65","1,767.65","1,767.65"
813016,00000,"Kevin C Cooper, DDS PC",5,"850,152.19",35.42,20,"3,306.53",6.61,42.03,"1,809.68","1,809.68"
813045,00000,"Mitchell Graphics, Inc.",5,0.00,0.00,20,0.00,0.00,0.00,0.00,0.00
813045,00000,"Mitchell Graphics, Inc.",5,0.00,0.00,20,0.00,0.00,0.00,0.00,0.00
813045,00000,"Mitchell Graphics, Inc.",5,"2,339,097.13",97.46,20,"2,329,327.18","4,658.65","4,756.11",0.00,"4,756.11"
813045,00000,"Mitchell Graphics, Inc.",5,"2,308,323.44",96.18,20,"6,284.05",12.57,108.75,0.00,"4,864.86"
813045,00000,"Mitchell Graphics, Inc.",5,"2,368,649.26",98.69,20,"6,514.48",13.03,111.72,0.00,"4,976.58"
813045,00000,"Mitchell Graphics, Inc.",5,"2,343,304.76",97.64,20,"6,179.19",12.36,110.00,110.00,"5,086.58"
813045,00000,"Mitchell Graphics, Inc.",5,"2,428,127.89",101.17,20,"10,057.40",20.11,121.28,231.28,"5,207.86"
813045,00000,"Mitchell Graphics, Inc.",5,"2,358,614.84",98.28,20,"6,485.89",12.97,111.25,342.53,"5,319.11"
813052,00000,"Glennwood Custom Builders, Inc",5,0.00,0.00,20,0.00,0.00,0.00,0.00,0.00
813052,00000,"Glennwood Custom Builders, Inc",5,0.00,0.00,20,0.00,0.00,0.00,0.00,0.00
813052,00000,"Glennwood Custom Builders, Inc",5,"13,487.35",0.56,20,"13,321.24",26.64,27.20,0.00,27.20
813052,00000,"Glennwood Custom Builders, Inc",5,"30,529.93",1.27,20,"16,503.71",33.01,34.28,0.00,61.48
813052,00000,"Glennwood Custom Builders, Inc",5,"45,657.65",1.90,20,"15,217.37",30.43,32.33,0.00,93.81
813052,00000,"Glennwood Custom Builders, Inc",5,"60,406.66",2.52,20,"12,899.48",25.80,28.32,0.00,122.13
813052,00000,"Glennwood Custom Builders, Inc",5,"73,671.06",3.07,20,"14,341.13",28.68,31.75,31.75,153.88
813052,00000,"Glennwood Custom Builders, Inc",5,"81,471.54",3.39,20,"11,662.50",23.33,26.72,58.47,180.60
813052,00000,"Glennwood Custom Builders, Inc",5,"87,609.55",3.65,20,"11,609.88",23.22,26.87,85.34,207.47
813086,00000,Faithful Companion Memorials Inc,5,0.00,0.00,20,0.00,0.00,0.00,0.00,0.00
813086,00000,Faithful Companion Memorials Inc,5,0.00,0.00,20,0.00,0.00,0.00,0.00,0.00
813086,00000,Faithful Companion Memorials Inc,5,"2,567,186.52",106.97,20,"2,559,755.24","5,119.51","5,226.48",0.00,"5,226.48"
813086,00000,Faithful Companion Memorials Inc,5,"2,583,135.32",107.63,20,"52,711.34",105.42,213.05,0.00,"5,439.53"
813086,00000,Faithful Companion Memorials Inc,5,"2,692,413.21",112.18,20,"127,911.03",255.82,368.00,0.00,"5,807.53"
813086,00000,Faithful Companion Memorials Inc,5,"2,702,930.62",112.62,20,"84,206.45",168.41,281.03,281.03,"6,088.56"
813086,00000,Faithful Companion Memorials Inc,5,"2,844,594.64",118.52,20,"77,879.52",155.76,274.28,555.31,"6,362.84"
813086,00000,Faithful Companion Memorials Inc,5,"2,713,616.44",113.07,20,"71,584.36",143.17,256.24,811.55,"6,619.08"
813087,00000,"DevelopMeant Therapy Center, LLC",5,0.00,0.00,20,0.00,0.00,0.00,0.00,0.00
813087,00000,"DevelopMeant Therapy Center, LLC",5,0.00,0.00,20,0.00,0.00,0.00,0.00,0.00
813087,00000,"DevelopMeant Therapy Center, LLC",5,0.00,0.00,20,0.00,0.00,0.00,0.00,0.00
813087,00000,"DevelopMeant Therapy Center, LLC",5,"2,211.79",0.09,20,"2,252.73",4.51,4.60,0.00,4.60
813087,00000,"DevelopMeant Therapy Center, LLC",5,"11,791.37",0.49,20,"9,447.70",18.90,19.39,0.00,23.99
813087,00000,"DevelopMeant Therapy Center, LLC",5,"20,858.45",0.87,20,"9,343.98",18.69,19.56,19.56,43.55
813087,00000,"DevelopMeant Therapy Center, LLC",5,"31,874.07",1.33,20,"10,143.72",20.29,21.62,41.18,65.17
813087,00000,"DevelopMeant Therapy Center, LLC",5,"39,816.65",1.66,20,"9,922.27",19.84,21.50,62.68,86.67
813118,00000,"Justin J. Hollander, D.O., P.C.",5,0.00,0.00,20,0.00,0.00,0.00,0.00,0.00
813118,00000,"Justin J. Hollander, D.O., P.C.",5,0.00,0.00,20,0.00,0.00,0.00,0.00,0.00
813118,00000,"Justin J. Hollander, D.O., P.C.",5,0.00,0.00,20,0.00,0.00,0.00,0.00,0.00
813118,00000,"Justin J. Hollander, D.O., P.C.",5,"1,502,613.63",62.61,20,"1,497,931.62","2,995.86","3,058.47","3,058.47","3,058.47"
813118,00000,"Justin J. Hollander, D.O., P.C.",5,"1,560,934.94",65.04,20,"3,065.96",6.13,71.17,"3,129.64","3,129.64"
813118,00000,"Justin J. Hollander, D.O., P.C.",5,"1,493,738.52",62.24,20,"1,532.98",3.07,65.31,"3,194.95","3,194.95"
813137,00000,"Good Guys Garage, LLC",5,0.00,0.00,20,0.00,0.00,0.00,0.00,0.00
813137,00000,"Good Guys Garage, LLC",5,0.00,0.00,20,0.00,0.00,0.00,0.00,0.00
813137,00000,"Good Guys Garage, LLC",5,0.00,0.00,20,0.00,0.00,0.00,0.00,0.00
813137,00000,"Good Guys Garage, LLC",5,0.00,0.00,20,0.00,0.00,0.00,0.00,0.00
813137,00000,"Good Guys Garage, LLC",5,0.00,0.00,20,0.00,0.00,0.00,0.00,0.00
813137,00000,"Good Guys Garage, LLC",5,0.00,0.00,20,0.00,0.00,0.00,0.00,0.00
813145,00000,Elite Building Services,5,0.00,0.00,20,0.00,0.00,0.00,0.00,0.00
813145,00000,Elite Building Services,5,0.00,0.00,20,0.00,0.00,0.00,0.00,0.00
813145,00000,Elite Building Services,5,0.00,0.00,20,0.00,0.00,0.00,0.00,0.00
813145,00000,Elite Building Services,5,0.00,0.00,20,0.00,0.00,0.00,0.00,0.00
813145,00000,Elite Building Services,5,0.00,0.00,20,0.00,0.00,0.00,0.00,0.00
813145,00000,Elite Building Services,5,0.00,0.00,20,0.00,0.00,0.00,0.00,0.00
813145,00000,Elite Building Services,5,0.00,0.00,20,0.00,0.00,0.00,0.00,0.00
813177,00000,"TruNorth Landscaping, LLC",5,0.00,0.00,20,0.00,0.00,0.00,0.00,0.00
813177,00000,"TruNorth Landscaping, LLC",5,0.00,0.00,20,0.00,0.00,0.00,0.00,0.00
813177,00000,"TruNorth Landscaping, LLC",5,"530,563.26",22.11,20,"533,377.44","1,066.75","1,088.86",0.00,"1,088.86"
813177,00000,"TruNorth Landscaping, LLC",5,"521,836.99",21.74,20,"3,846.13",7.69,29.43,29.43,"1,118.29"
813177,00000,"TruNorth Landscaping, LLC",5,"572,371.40",23.85,20,"36,779.73",73.56,97.41,126.84,"1,215.70"
813177,00000,"TruNorth Landscaping, LLC",5,"613,845.02",25.58,20,"57,558.06",115.12,140.70,267.54,"1,356.40"
813180,00000,"Boggiano & Associates, LLC",5,0.00,0.00,20,0.00,0.00,0.00,0.00,0.00
813180,00000,"Boggiano & Associates, LLC",5,0.00,0.00,20,0.00,0.00,0.00,0.00,0.00
813180,00000,"Boggiano & Associates, LLC",5,"4,280.10",0.18,20,"4,280.10",8.56,8.74,8.74,8.74
813180,00000,"Boggiano & Associates, LLC",5,"4,399.19",0.18,20,0.00,0.00,0.18,8.92,8.92
813180,00000,"Boggiano & Associates, LLC",5,"12,756.19",0.53,20,"8,904.50",17.81,18.34,27.26,27.26
813188,00000,Cottage Company Interiors,20,0.00,0.00,0,0.00,0.00,0.00,0.00,0.00
813188,00000,Cottage Company Interiors,20,"662,721.69",110.45,0,0.00,0.00,110.45,0.00,110.45
813188,00000,Cottage Company Interiors,20,"689,854.75",114.98,0,"40,940.85",0.00,114.98,114.98,225.43
813188,00000,Cottage Company Interiors,20,"724,065.40",120.68,0,"6,481.96",0.00,120.68,235.66,346.11
813188,00000,Cottage Company Interiors,20,"631,916.48",105.32,0,"6,346.90",0.00,105.32,340.98,451.43
813189,00000,"Leppink's, Inc.",8,0.00,0.00,20,0.00,0.00,0.00,0.00,0.00
813189,00000,"Leppink's, Inc.",8,0.00,0.00,20,0.00,0.00,0.00,0.00,0.00
813189,00000,"Leppink's, Inc.",8,"6,622,355.01",441.49,20,"6,605,484.05","13,210.97","13,652.46","13,652.46","13,652.46"
813189,00000,"Leppink's, Inc.",8,"6,840,373.06",456.02,20,"27,576.40",55.15,511.17,"14,163.63","14,163.63"
813189,00000,"Leppink's, Inc.",8,"6,545,679.24",436.38,20,"15,628.82",31.26,467.64,"14,631.27","14,631.27"
813272,00000,"QT9 Software, Inc",5,0.00,0.00,20,0.00,0.00,0.00,0.00,0.00
813272,00000,"QT9 Software, Inc",5,0.00,0.00,20,0.00,0.00,0.00,0.00,0.00
813272,00000,"QT9 Software, Inc",5,0.00,0.00,20,0.00,0.00,0.00,0.00,0.00
813296,00000,45th Property & Power LLC,5,0.00,0.00,20,0.00,0.00,0.00,0.00,0.00
813302,00000,B2 Global LLC,5,0.00,0.00,20,0.00,0.00,0.00,0.00,0.00
813302,00000,B2 Global LLC,5,0.00,0.00,20,0.00,0.00,0.00,0.00,0.00
813302,00000,B2 Global LLC,5,0.00,0.00,20,0.00,0.00,0.00,0.00,0.00
813302,00000,B2 Global LLC,5,0.00,0.00,20,0.00,0.00,0.00,0.00,0.00
813370,00000,Dabin Corp,5,0.00,0.00,20,0.00,0.00,0.00,0.00,0.00
813370,00000,Dabin Corp,5,0.00,0.00,20,0.00,0.00,0.00,0.00,0.00
932293,00000,"TEXO ABC/AGC, Inc.",5,0.00,0.00,0,0.00,0.00,0.00,0.00,0.00
932293,00001,"TEXO ABC/AGC, Inc.",5,219.16,0.01,0,0.00,0.00,0.01,0.00,0.01
932293,00002,"Azteca Enterprises, Inc.",5,"3,641,465.57",151.73,0,0.00,0.00,151.73,0.00,151.73
932293,00003,"Drywall Interiors, LP",5,"967,017.36",40.29,0,0.00,0.00,40.29,0.00,40.29
932293,00004,"Griffith Davison, P.C.",5,"5,739,175.36",239.13,0,0.00,0.00,239.13,0.00,239.13
932293,00005,"C. D. Henderson Construction Group, LLC",5,"688,933.99",28.71,0,0.00,0.00,28.71,0.00,28.71
932293,00007,"Southwest Construction Services, Inc.",5,0.00,0.00,0,0.00,0.00,0.00,0.00,0.00
932293,00008,Rama Enterprises LLC,5,"138,069.36",5.75,0,0.00,0.00,5.75,0.00,5.75
932293,00009,Abstract Construction Co.,5,0.00,0.00,0,0.00,0.00,0.00,0.00,0.00
932293,00010,"Steele & Freeman, Inc.",5,"3,546,706.19",147.78,0,0.00,0.00,147.78,0.00,147.78
932293,00011,"Electrical Distributors, LLC",5,0.00,0.00,0,0.00,0.00,0.00,0.00,0.00
932293,00012,"Lasco Acoustics and Drywall, Inc.",5,"7,560,209.18",315.01,0,0.00,0.00,315.01,0.00,315.01
932293,00013,"Highland Builders, Inc.",5,"1,799,639.26",74.98,0,0.00,0.00,74.98,0.00,74.98
932293,00015,"RPM xConstruction, LLC",5,0.00,0.00,0,0.00,0.00,0.00,0.00,0.00
932293,00016,"Manning Concrete, Inc.",5,"959,405.28",39.98,0,0.00,0.00,39.98,0.00,39.98
932293,00017,Pecos Construction LLC,5,"1,037,496.29",43.23,0,0.00,0.00,43.23,0.00,43.23
932293,00018,"JMEG, LLC",5,"26,529,316.45","1,105.39",0,0.00,0.00,"1,105.39",0.00,"1,105.39"
932293,00019,Burnco USA LLC,5,"18,045,951.92",751.91,0,0.00,0.00,751.91,0.00,751.91
932293,00020,Southern Cross Group USA LLC,5,0.00,0.00,0,0.00,0.00,0.00,0.00,0.00
932293,00021,"Carrco Painting Contractors, Inc.",5,"1,490,249.91",62.09,0,0.00,0.00,62.09,0.00,62.09
932293,00022,"Novel Builders, LLC",5,"1,294,909.55",53.95,0,0.00,0.00,53.95,0.00,53.95
932293,00023,"Everest Group, Inc.",5,0.00,0.00,0,0.00,0.00,0.00,0.00,0.00
932293,00024,"George/McKenna Electrical Contractors, Inc.",5,11.60,0.00,0,0.00,0.00,0.00,0.00,0.00
932293,00025,"TEPCOGLASS, LLC",5,"1,224,440.72",51.02,0,0.00,0.00,51.02,0.00,51.02
932293,00026,"Striland Construction, Inc.",5,0.00,0.00,0,0.00,0.00,0.00,0.00,0.00
932293,00027,"PCL Insurance Agency, Inc.  dba PCL Contract Bonding Agency",5,"347,996.97",14.50,0,0.00,0.00,14.50,0.00,14.50
932293,00028,"Sedalco, Inc.",5,"8,476,003.76",353.17,0,0.00,0.00,353.17,0.00,353.17
932293,00029,"Rone Engineering Services, LTD",5,10.73,0.00,0,0.00,0.00,0.00,0.00,0.00
932293,00030,"Prism Electric, Inc.",5,0.00,0.00,0,0.00,0.00,0.00,0.00,0.00
932293,00031,"Roti, Inc.",5,"2,797,838.50",116.58,0,0.00,0.00,116.58,0.00,116.58
932293,00032,"Electrical Talent, LLC",5,0.00,0.00,0,0.00,0.00,0.00,0.00,0.00
932293,00033,"Polk Mechanical Company, LLC",5,0.68,0.00,0,0.00,0.00,0.00,0.00,0.00
932293,00035,"Momentum Mechanical, Inc.",5,"758,229.03",31.59,0,0.00,0.00,31.59,0.00,31.59
932293,00036,"Sun Drywall, LLC",5,0.00,0.00,0,0.00,0.00,0.00,0.00,0.00
932293,00037,"Mogul Insurance Agency, LLC",5,"141,093.82",5.88,0,0.00,0.00,5.88,0.00,5.88
932293,00038,"TEXO ABC-AGC, Inc.",5,"1,745,464.47",72.73,0,0.00,0.00,72.73,0.00,72.73
932293,00039,Burleson Electric Inc.,5,"107,107.58",4.46,0,0.00,0.00,4.46,0.00,4.46
932293,00040,"Talley-Riggins Construction Group, LLC",5,"2,157,556.36",89.90,0,0.00,0.00,89.90,0.00,89.90
932293,00041,"Rudick Construction Group, Inc.",5,"957,947.60",39.91,0,0.00,0.00,39.91,0.00,39.91
932293,00042,AnchorBuilt Inc.,5,"199,414.88",8.31,0,0.00,0.00,8.31,0.00,8.31
932293,00043,NTO Commercial,5,0.00,0.00,0,0.00,0.00,0.00,0.00,0.00
932293,00044,"Prism Electric, Inc.",5,"15,014,134.94",625.59,0,0.00,0.00,625.59,0.00,625.59
932293,00045,"Bosworth Steel Erectors, LLC",5,"852,866.67",35.54,0,0.00,0.00,35.54,0.00,35.54
932293,00046,"Associated Builders and Contractors, Inc.- Greater Houston Chapter",5,"1,028,247.34",42.84,0,0.00,0.00,42.84,0.00,42.84
932293,00047,"Tietsort, LLC",5,"2,102.40",0.09,0,0.00,0.00,0.09,0.00,0.09
932293,00048,1 Stone Solutions LLC,5,0.00,0.00,0,0.00,0.00,0.00,0.00,0.00
932293,00049,"Legacy Contractors, LLC",5,"65,014.81",2.71,0,0.00,0.00,2.71,0.00,2.71
932293,00050,SMR Construction,5,"250,208.45",10.43,0,0.00,0.00,10.43,0.00,10.43
932293,00051,"Talent Corporation, LLC",5,"353,902.00",14.75,0,0.00,0.00,14.75,0.00,14.75
932293,00052,"Ensley Benitez Law, PC",5,0.00,0.00,0,0.00,0.00,0.00,0.00,0.00
932293,00053,Geosyntek Holdings,5,0.00,0.00,0,0.00,0.00,0.00,0.00,0.00
932293,00054,"JRB Engineering, LLC",5,0.00,0.00,0,0.00,0.00,0.00,0.00,0.00
932293,00055,"GB Construction Group, LLC",5,"123,089.53",5.13,0,0.00,0.00,5.13,0.00,5.13
932293,00056,Abstract Construction Co.,5,"948,825.43",39.53,0,"12,879.80",0.00,39.53,0.00,39.53
932293,00057,Woodhaus Inc.,5,"82,667.23",3.44,0,"16,694.58",0.00,3.44,0.00,3.44
932293,00058,Mountain Mover Facades,5,"293,898.85",12.25,0,"6,648.32",0.00,12.25,0.00,12.25
932293,00060,Rothberg Shurtleff Dang PLLC,5,"28,767.77",1.20,0,"5,532.00",0.00,1.20,0.00,1.20
932293,00061,"G.P. Cooper Industries, Inc. dba Cooper General Contractors",5,"946,132.71",39.42,0,"25,757.58",0.00,39.42,0.00,39.42
932293,00000,"TEXO ABC/AGC, Inc.",5,0.00,0.00,0,0.00,0.00,0.00,0.00,0.00
932293,00001,"TEXO ABC/AGC, Inc.",5,219.51,0.01,0,0.00,0.00,0.01,0.00,0.02
932293,00002,"Azteca Enterprises, Inc.",5,"3,736,807.67",155.70,0,0.00,0.00,155.70,0.00,307.43
932293,00003,"Drywall Interiors, LP",5,"984,149.58",41.01,0,0.00,0.00,41.01,0.00,81.30
932293,00004,"Griffith Davison, P.C.",5,"5,894,980.76",245.62,0,0.00,0.00,245.62,0.00,484.75
932293,00005,"C. D. Henderson Construction Group, LLC",5,"698,111.12",29.09,0,0.00,0.00,29.09,0.00,57.80
932293,00007,"Southwest Construction Services, Inc.",5,0.00,0.00,0,0.00,0.00,0.00,0.00,0.00
932293,00008,Rama Enterprises LLC,5,"140,413.16",5.85,0,0.00,0.00,5.85,0.00,11.60
932293,00009,Abstract Construction Co.,5,0.00,0.00,0,0.00,0.00,0.00,0.00,0.00
932293,00010,"Steele & Freeman, Inc.",5,"3,637,435.08",151.56,0,0.00,0.00,151.56,0.00,299.34
932293,00011,"Electrical Distributors, LLC",5,0.00,0.00,0,0.00,0.00,0.00,0.00,0.00
932293,00012,"Lasco Acoustics and Drywall, Inc.",5,"7,734,858.39",322.29,0,0.00,0.00,322.29,0.00,637.30
932293,00013,"Highland Builders, Inc.",5,"1,834,898.30",76.45,0,0.00,0.00,76.45,0.00,151.43
932293,00015,"RPM xConstruction, LLC",5,0.00,0.00,0,0.00,0.00,0.00,0.00,0.00
932293,00016,"Manning Concrete, Inc.",5,"972,443.17",40.52,0,0.00,0.00,40.52,0.00,80.50
932293,00017,Pecos Construction LLC,5,"1,052,187.01",43.84,0,0.00,0.00,43.84,0.00,87.07
932293,00018,"JMEG, LLC",5,"26,641,233.98","1,110.05",0,0.00,0.00,"1,110.05",0.00,"2,215.44"
932293,00019,Burnco USA LLC,5,"18,371,636.06",765.48,0,0.00,0.00,765.48,0.00,"1,517.39"
932293,00020,Southern Cross Group USA LLC,5,0.00,0.00,0,0.00,0.00,0.00,0.00,0.00
932293,00021,"Carrco Painting Contractors, Inc.",5,"1,543,134.34",64.30,0,0.00,0.00,64.30,0.00,126.39
932293,00022,"Novel Builders, LLC",5,"1,339,673.27",55.82,0,0.00,0.00,55.82,0.00,109.77
932293,00023,"Everest Group, Inc.",5,0.00,0.00,0,0.00,0.00,0.00,0.00,0.00
932293,00024,"George/McKenna Electrical Contractors, Inc.",5,11.85,0.00,0,0.00,0.00,0.00,0.00,0.00
932293,00025,"TEPCOGLASS, LLC",5,"829,306.16",34.55,0,0.00,0.00,34.55,0.00,85.57
932293,00026,"Striland Construction, Inc.",5,0.00,0.00,0,0.00,0.00,0.00,0.00,0.00
932293,00027,"PCL Insurance Agency, Inc.  dba PCL Contract Bonding Agency",5,"356,680.53",14.86,0,0.00,0.00,14.86,0.00,29.36
932293,00028,"Sedalco, Inc.",5,"8,452,719.94",352.20,0,0.00,0.00,352.20,0.00,705.37
932293,00029,"Rone Engineering Services, LTD",5,0.00,0.00,0,0.00,0.00,0.00,0.00,0.00
932293,00030,"Prism Electric, Inc.",5,0.00,0.00,0,0.00,0.00,0.00,0.00,0.00
932293,00031,"Roti, Inc.",5,"2,834,335.65",118.10,0,0.00,0.00,118.10,0.00,234.68
932293,00032,"Electrical Talent, LLC",5,0.00,0.00,0,0.00,0.00,0.00,0.00,0.00
932293,00033,"Polk Mechanical Company, LLC",5,0.70,0.00,0,0.00,0.00,0.00,0.00,0.00
932293,00035,"Momentum Mechanical, Inc.",5,"776,512.79",32.35,0,0.00,0.00,32.35,0.00,63.94
932293,00036,"Sun Drywall, LLC",5,0.00,0.00,0,0.00,0.00,0.00,0.00,0.00
932293,00037,"Mogul Insurance Agency, LLC",5,"143,705.41",5.99,0,0.00,0.00,5.99,0.00,11.87
932293,00038,"TEXO ABC-AGC, Inc.",5,"1,766,883.89",73.62,0,0.00,0.00,73.62,0.00,146.35
932293,00039,Burleson Electric Inc.,5,"108,957.61",4.54,0,0.00,0.00,4.54,0.00,9.00
932293,00040,"Talley-Riggins Construction Group, LLC",5,"2,194,009.94",91.42,0,0.00,0.00,91.42,0.00,181.32
932293,00041,"Rudick Construction Group, Inc.",5,"1,021,253.86",42.55,0,0.00,0.00,42.55,0.00,82.46
932293,00042,AnchorBuilt Inc.,5,"202,739.21",8.45,0,0.00,0.00,8.45,0.00,16.76
932293,00043,NTO Commercial,5,0.00,0.00,0,0.00,0.00,0.00,0.00,0.00
932293,00044,"Prism Electric, Inc.",5,"15,452,586.35",643.86,0,0.00,0.00,643.86,0.00,"1,269.45"
932293,00045,"Bosworth Steel Erectors, LLC",5,"884,878.17",36.87,0,0.00,0.00,36.87,0.00,72.41
932293,00046,"Associated Builders and Contractors, Inc.- Greater Houston Chapter",5,"1,011,661.64",42.15,0,0.00,0.00,42.15,0.00,84.99
932293,00047,"Tietsort, LLC",5,"2,145.38",0.09,0,0.00,0.00,0.09,0.00,0.18
932293,00048,1 Stone Solutions LLC,5,0.00,0.00,0,0.00,0.00,0.00,0.00,0.00
932293,00049,"Legacy Contractors, LLC",5,"66,800.42",2.78,0,0.00,0.00,2.78,0.00,5.49
932293,00050,SMR Construction,5,"258,248.58",10.76,0,0.00,0.00,10.76,0.00,21.19
932293,00051,"Talent Corporation, LLC",5,"366,475.93",15.27,0,0.00,0.00,15.27,0.00,30.02
932293,00052,"Ensley Benitez Law, PC",5,0.00,0.00,0,0.00,0.00,0.00,0.00,0.00
932293,00053,Geosyntek Holdings,5,0.00,0.00,0,0.00,0.00,0.00,0.00,0.00
932293,00054,"JRB Engineering, LLC",5,0.00,0.00,0,0.00,0.00,0.00,0.00,0.00
932293,00055,"GB Construction Group, LLC",5,"123,985.99",5.17,0,0.00,0.00,5.17,0.00,10.30
932293,00056,Abstract Construction Co.,5,"979,915.36",40.83,0,"16,669.24",0.00,40.83,0.00,80.36
932293,00057,Woodhaus Inc.,5,"97,473.87",4.06,0,"15,737.02",0.00,4.06,0.00,7.50
932293,00058,Mountain Mover Facades,5,"305,186.22",12.72,0,"8,079.62",0.00,12.72,0.00,24.97
932293,00060,Rothberg Shurtleff Dang PLLC,5,"35,135.33",1.46,0,"5,782.00",0.00,1.46,0.00,2.66
932293,00061,"G.P. Cooper Industries, Inc. dba Cooper General Contractors",5,"1,416,830.45",59.03,0,"455,392.30",0.00,59.03,0.00,98.45
932293,00000,"TEXO ABC/AGC, Inc.",5,0.00,0.00,0,0.00,0.00,0.00,0.00,0.00
932293,00001,"TEXO ABC/AGC, Inc.",5,217.60,0.01,0,0.00,0.00,0.01,0.00,0.03
932293,00002,"Azteca Enterprises, Inc.",5,"3,825,551.36",159.40,0,0.00,0.00,159.40,0.00,466.83
932293,00003,"Drywall Interiors, LP",5,"1,005,008.84",41.88,0,0.00,0.00,41.88,0.00,123.18
932293,00004,"Griffith Davison, P.C.",5,"6,038,761.82",251.62,0,0.00,0.00,251.62,0.00,736.37
932293,00005,"C. D. Henderson Construction Group, LLC",5,"705,433.45",29.39,0,0.00,0.00,29.39,0.00,87.19
932293,00007,"Southwest Construction Services, Inc.",5,0.00,0.00,0,0.00,0.00,0.00,0.00,0.00
932293,00008,Rama Enterprises LLC,5,"136,668.04",5.69,0,0.00,0.00,5.69,0.00,17.29
932293,00009,Abstract Construction Co.,5,0.00,0.00,0,0.00,0.00,0.00,0.00,0.00
932293,00010,"Steele & Freeman, Inc.",5,"3,617,027.58",150.71,0,0.00,0.00,150.71,0.00,450.05
932293,00011,"Electrical Distributors, LLC",5,0.00,0.00,0,0.00,0.00,0.00,0.00,0.00
932293,00012,"Lasco Acoustics and Drywall, Inc.",5,"7,935,419.43",330.64,0,0.00,0.00,330.64,0.00,967.94
932293,00013,"Highland Builders, Inc.",5,"1,843,860.19",76.83,0,0.00,0.00,76.83,0.00,228.26
932293,00015,"RPM xConstruction, LLC",5,0.00,0.00,0,0.00,0.00,0.00,0.00,0.00
932293,00016,"Manning Concrete, Inc.",5,"1,000,503.46",41.69,0,0.00,0.00,41.69,0.00,122.19
932293,00017,Pecos Construction LLC,5,"1,066,428.18",44.43,0,0.00,0.00,44.43,0.00,131.50
932293,00018,"JMEG, LLC",5,"27,103,750.13","1,129.32",0,0.00,0.00,"1,129.32",0.00,"3,344.76"
932293,00019,Burnco USA LLC,5,"18,784,635.56",782.69,0,0.00,0.00,782.69,0.00,"2,300.08"
932293,00020,Southern Cross Group USA LLC,5,0.00,0.00,0,0.00,0.00,0.00,0.00,0.00
932293,00021,"Carrco Painting Contractors, Inc.",5,"1,583,443.40",65.98,0,0.00,0.00,65.98,0.00,192.37
932293,00022,"Novel Builders, LLC",5,"1,378,566.68",57.44,0,0.00,0.00,57.44,0.00,167.21
932293,00023,"Everest Group, Inc.",5,0.00,0.00,0,0.00,0.00,0.00,0.00,0.00
932293,00024,"George/McKenna Electrical Contractors, Inc.",5,11.68,0.00,0,0.00,0.00,0.00,0.00,0.00
932293,00025,"TEPCOGLASS, LLC",5,"752,917.85",31.37,0,0.00,0.00,31.37,0.00,116.94
932293,00026,"Striland Construction, Inc.",5,0.00,0.00,0,0.00,0.00,0.00,0.00,0.00
932293,00027,"PCL Insurance Agency, Inc.  dba PCL Contract Bonding Agency",5,"364,579.46",15.19,0,0.00,0.00,15.19,0.00,44.55
932293,00028,"Sedalco, Inc.",5,"8,598,727.91",358.28,0,0.00,0.00,358.28,0.00,"1,063.65"
932293,00029,"Rone Engineering Services, LTD",5,0.00,0.00,0,0.00,0.00,0.00,0.00,0.00
932293,00030,"Prism Electric, Inc.",5,0.00,0.00,0,0.00,0.00,0.00,0.00,0.00
932293,00031,"Roti, Inc.",5,"2,642,372.33",110.10,0,0.00,0.00,110.10,0.00,344.78
932293,00032,"Electrical Talent, LLC",5,0.00,0.00,0,0.00,0.00,0.00,0.00,0.00
932293,00033,"Polk Mechanical Company, LLC",5,0.73,0.00,0,0.00,0.00,0.00,0.00,0.00
932293,00035,"Momentum Mechanical, Inc.",5,"796,440.37",33.19,0,0.00,0.00,33.19,0.00,97.13
932293,00036,"Sun Drywall, LLC",5,0.00,0.00,0,0.00,0.00,0.00,0.00,0.00
932293,00037,"Mogul Insurance Agency, LLC",5,"147,376.91",6.14,0,0.00,0.00,6.14,0.00,18.01
932293,00038,"TEXO ABC-AGC, Inc.",5,"1,801,587.87",75.07,0,0.00,0.00,75.07,0.00,221.42
932293,00039,Burleson Electric Inc.,5,"110,959.61",4.62,0,0.00,0.00,4.62,0.00,13.62
932293,00040,"Talley-Riggins Construction Group, LLC",5,"2,262,123.60",94.26,0,0.00,0.00,94.26,0.00,275.58
932293,00041,"Rudick Construction Group, Inc.",5,"1,062,827.79",44.28,0,0.00,0.00,44.28,0.00,126.74
932293,00042,AnchorBuilt Inc.,5,"206,548.48",8.61,0,0.00,0.00,8.61,0.00,25.37
932293,00043,NTO Commercial,5,0.00,0.00,0,0.00,0.00,0.00,0.00,0.00
932293,00044,"Prism Electric, Inc.",5,"15,832,868.49",659.70,0,0.00,0.00,659.70,0.00,"1,929.15"
932293,00045,"Bosworth Steel Erectors, LLC",5,"920,802.01",38.37,0,0.00,0.00,38.37,0.00,110.78
932293,00046,"Associated Builders and Contractors, Inc.- Greater Houston Chapter",5,"1,035,486.97",43.15,0,0.00,0.00,43.15,0.00,128.14
932293,00047,"Tietsort, LLC",5,"2,139.12",0.09,0,0.00,0.00,0.09,0.00,0.27
932293,00048,1 Stone Solutions LLC,5,0.00,0.00,0,0.00,0.00,0.00,0.00,0.00
932293,00049,"Legacy Contractors, LLC",5,"69,016.64",2.88,0,0.00,0.00,2.88,0.00,8.37
932293,00050,SMR Construction,5,"267,543.80",11.15,0,0.00,0.00,11.15,0.00,32.34
932293,00051,"Talent Corporation, LLC",5,"389,051.70",16.21,0,0.00,0.00,16.21,0.00,46.23
932293,00052,"Ensley Benitez Law, PC",5,0.00,0.00,0,0.00,0.00,0.00,0.00,0.00
932293,00053,Geosyntek Holdings,5,0.00,0.00,0,0.00,0.00,0.00,0.00,0.00
932293,00054,"JRB Engineering, LLC",5,0.00,0.00,0,0.00,0.00,0.00,0.00,0.00
932293,00055,"GB Construction Group, LLC",5,"108,206.38",4.51,0,0.00,0.00,4.51,0.00,14.81
932293,00056,Abstract Construction Co.,5,"1,016,244.12",42.34,0,"12,092.52",0.00,42.34,0.00,122.70
932293,00057,Woodhaus Inc.,5,"114,352.36",4.76,0,"14,564.21",0.00,4.76,0.00,12.26
932293,00058,Mountain Mover Facades,5,"319,133.62",13.30,0,"6,258.26",0.00,13.30,0.00,38.27
932293,00060,Rothberg Shurtleff Dang PLLC,5,"41,526.40",1.73,0,"5,532.00",0.00,1.73,0.00,4.39
932293,00061,"G.P. Cooper Industries, Inc. dba Cooper General Contractors",5,"1,448,073.61",60.34,0,"6,071.89",0.00,60.34,0.00,158.79
932293,00000,"TEXO ABC/AGC, Inc.",5,0.00,0.00,0,0.00,0.00,0.00,0.00,0.00
932293,00001,"TEXO ABC/AGC, Inc.",5,192.57,0.01,0,0.00,0.00,0.01,0.00,0.04
932293,00002,"Azteca Enterprises, Inc.",5,"3,827,681.11",159.49,0,0.00,0.00,159.49,0.00,626.32
932293,00003,"Drywall Interiors, LP",5,"1,009,739.03",42.07,0,0.00,0.00,42.07,0.00,165.25
932293,00004,"Griffith Davison, P.C.",5,"6,068,880.04",252.87,0,0.00,0.00,252.87,0.00,989.24
932293,00005,"C. D. Henderson Construction Group, LLC",5,"700,815.27",29.20,0,0.00,0.00,29.20,0.00,116.39
932293,00007,"Southwest Construction Services, Inc.",5,0.00,0.00,0,0.00,0.00,0.00,0.00,0.00
932293,00008,Rama Enterprises LLC,5,"135,561.69",5.65,0,0.00,0.00,5.65,0.00,22.94
932293,00009,Abstract Construction Co.,5,0.00,0.00,0,0.00,0.00,0.00,0.00,0.00
932293,00010,"Steele & Freeman, Inc.",5,"3,616,504.95",150.69,0,0.00,0.00,150.69,0.00,600.74
932293,00011,"Electrical Distributors, LLC",5,0.00,0.00,0,0.00,0.00,0.00,0.00,0.00
932293,00012,"Lasco Acoustics and Drywall, Inc.",5,"7,909,410.13",329.56,0,0.00,0.00,329.56,0.00,"1,297.50"
932293,00013,"Highland Builders, Inc.",5,"1,829,020.11",76.21,0,0.00,0.00,76.21,0.00,304.47
932293,00015,"RPM xConstruction, LLC",5,0.00,0.00,0,0.00,0.00,0.00,0.00,0.00
932293,00016,"Manning Concrete, Inc.",5,"1,010,364.81",42.10,0,0.00,0.00,42.10,0.00,164.29
932293,00017,Pecos Construction LLC,5,"1,065,017.95",44.38,0,0.00,0.00,44.38,0.00,175.88
932293,00018,"JMEG, LLC",5,"27,022,360.99","1,125.93",0,0.00,0.00,"1,125.93",0.00,"4,470.69"
932293,00019,Burnco USA LLC,5,"18,827,207.23",784.47,0,0.00,0.00,784.47,0.00,"3,084.55"
932293,00020,Southern Cross Group USA LLC,5,0.00,0.00,0,0.00,0.00,0.00,0.00,0.00
932293,00021,"Carrco Painting Contractors, Inc.",5,"1,569,488.73",65.40,0,0.00,0.00,65.40,0.00,257.77
932293,00022,"Novel Builders, LLC",5,"1,388,457.98",57.85,0,0.00,0.00,57.85,0.00,225.06
932293,00023,"Everest Group, Inc.",5,0.00,0.00,0,0.00,0.00,0.00,0.00,0.00
932293,00024,"George/McKenna Electrical Contractors, Inc.",5,0.00,0.00,0,0.00,0.00,0.00,0.00,0.00
932293,00025,"TEPCOGLASS, LLC",5,"658,582.95",27.44,0,0.00,0.00,27.44,0.00,144.38
932293,00026,"Striland Construction, Inc.",5,0.00,0.00,0,0.00,0.00,0.00,0.00,0.00
932293,00027,"PCL Insurance Agency, Inc.  dba PCL Contract Bonding Agency",5,"365,915.99",15.25,0,0.00,0.00,15.25,0.00,59.80
932293,00028,"Sedalco, Inc.",5,"8,091,232.69",337.13,0,0.00,0.00,337.13,0.00,"1,400.78"
932293,00029,"Rone Engineering Services, LTD",5,0.00,0.00,0,0.00,0.00,0.00,0.00,0.00
932293,00030,"Prism Electric, Inc.",5,0.00,0.00,0,0.00,0.00,0.00,0.00,0.00
932293,00031,"Roti, Inc.",5,"1,758,411.04",73.27,0,0.00,0.00,73.27,0.00,418.05
932293,00032,"Electrical Talent, LLC",5,0.00,0.00,0,0.00,0.00,0.00,0.00,0.00
932293,00033,"Polk Mechanical Company, LLC",5,0.74,0.00,0,0.00,0.00,0.00,0.00,0.00
932293,00035,"Momentum Mechanical, Inc.",5,"798,859.09",33.29,0,0.00,0.00,33.29,0.00,130.42
932293,00036,"Sun Drywall, LLC",5,0.00,0.00,0,0.00,0.00,0.00,0.00,0.00
932293,00037,"Mogul Insurance Agency, LLC",5,"146,651.13",6.11,0,0.00,0.00,6.11,0.00,24.12
932293,00038,"TEXO ABC-AGC, Inc.",5,"1,807,760.20",75.32,0,0.00,0.00,75.32,0.00,296.74
932293,00039,Burleson Electric Inc.,5,"110,065.08",4.59,0,0.00,0.00,4.59,0.00,18.21
932293,00040,"Talley-Riggins Construction Group, LLC",5,"2,300,758.81",95.86,0,0.00,0.00,95.86,0.00,371.44
932293,00041,"Rudick Construction Group, Inc.",5,"1,093,220.85",45.55,0,0.00,0.00,45.55,0.00,172.29
932293,00042,AnchorBuilt Inc.,5,"218,778.01",9.12,0,0.00,0.00,9.12,0.00,34.49
932293,00043,NTO Commercial,5,0.00,0.00,0,0.00,0.00,0.00,0.00,0.00
932293,00044,"Prism Electric, Inc.",5,"15,974,401.48",665.60,0,0.00,0.00,665.60,0.00,"2,594.75"
932293,00045,"Bosworth Steel Erectors, LLC",5,"1,013,989.17",42.25,0,0.00,0.00,42.25,0.00,153.03
932293,00046,"Associated Builders and Contractors, Inc.- Greater Houston Chapter",5,"1,023,978.99",42.67,0,0.00,0.00,42.67,0.00,170.81
932293,00047,"Tietsort, LLC",5,0.00,0.00,0,0.00,0.00,0.00,0.00,0.27
932293,00048,1 Stone Solutions LLC,5,0.00,0.00,0,0.00,0.00,0.00,0.00,0.00
932293,00049,"Legacy Contractors, LLC",5,"69,156.92",2.88,0,0.00,0.00,2.88,0.00,11.25
932293,00050,SMR Construction,5,"274,341.73",11.43,0,0.00,0.00,11.43,0.00,43.77
932293,00051,"Talent Corporation, LLC",5,"403,994.98",16.83,0,0.00,0.00,16.83,0.00,63.06
932293,00052,"Ensley Benitez Law, PC",5,0.00,0.00,0,0.00,0.00,0.00,0.00,0.00
932293,00053,Geosyntek Holdings,5,0.00,0.00,0,0.00,0.00,0.00,0.00,0.00
932293,00054,"JRB Engineering, LLC",5,0.00,0.00,0,0.00,0.00,0.00,0.00,0.00
932293,00055,"GB Construction Group, LLC",5,"96,986.74",4.04,0,0.00,0.00,4.04,0.00,18.85
932293,00056,Abstract Construction Co.,5,"1,032,554.93",43.02,0,"21,883.69",0.00,43.02,0.00,165.72
932293,00057,Woodhaus Inc.,5,"132,834.21",5.53,0,"18,833.94",0.00,5.53,0.00,17.79
932293,00058,Mountain Mover Facades,5,"325,050.36",13.54,0,"8,194.90",0.00,13.54,0.00,51.81
932293,00060,Rothberg Shurtleff Dang PLLC,5,"46,711.68",1.95,0,"5,532.00",0.00,1.95,0.00,6.34
932293,00061,"G.P. Cooper Industries, Inc. dba Cooper General Contractors",5,"1,441,264.31",60.05,0,"7,487.47",0.00,60.05,0.00,218.84
932293,00063,"Keeland and Company Painting, LLC",5,0.00,0.00,0,0.00,0.00,0.00,0.00,0.00
932293,00000,"TEXO ABC/AGC, Inc.",5,0.00,0.00,0,0.00,0.00,0.00,0.00,0.00
932293,00001,"TEXO ABC/AGC, Inc.",5,192.87,0.01,0,0.00,0.00,0.01,0.00,0.05
932293,00002,"Azteca Enterprises, Inc.",5,"3,940,057.43",164.17,0,0.00,0.00,164.17,0.00,790.49
932293,00003,"Drywall Interiors, LP",5,"1,038,720.70",43.28,0,0.00,0.00,43.28,0.00,208.53
932293,00004,"Griffith Davison, P.C.",5,"6,230,806.00",259.62,0,0.00,0.00,259.62,0.00,"1,248.86"
932293,00005,"C. D. Henderson Construction Group, LLC",5,"708,592.72",29.52,0,0.00,0.00,29.52,0.00,145.91
932293,00007,"Southwest Construction Services, Inc.",5,0.00,0.00,0,0.00,0.00,0.00,0.00,0.00
932293,00008,Rama Enterprises LLC,5,"138,522.65",5.77,0,0.00,0.00,5.77,0.00,28.71
932293,00009,Abstract Construction Co.,5,0.00,0.00,0,0.00,0.00,0.00,0.00,0.00
932293,00010,"Steele & Freeman, Inc.",5,"3,692,779.46",153.87,0,0.00,0.00,153.87,0.00,754.61
932293,00011,"Electrical Distributors, LLC",5,0.00,0.00,0,0.00,0.00,0.00,0.00,0.00
932293,00012,"Lasco Acoustics and Drywall, Inc.",5,"8,089,368.99",337.06,0,0.00,0.00,337.06,0.00,"1,634.56"
932293,00013,"Highland Builders, Inc.",5,"1,873,161.31",78.05,0,0.00,0.00,78.05,0.00,382.52
932293,00015,"RPM xConstruction, LLC",5,0.00,0.00,0,0.00,0.00,0.00,0.00,0.00
932293,00016,"Manning Concrete, Inc.",5,"1,054,497.19",43.94,0,0.00,0.00,43.94,0.00,208.23
932293,00017,Pecos Construction LLC,5,"1,086,497.95",45.27,0,0.00,0.00,45.27,0.00,221.15
932293,00018,"JMEG, LLC",5,"27,758,449.43","1,156.60",0,0.00,0.00,"1,156.60",0.00,"5,627.29"
932293,00019,Burnco USA LLC,5,"18,589,600.80",774.57,0,0.00,0.00,774.57,0.00,"3,859.12"
932293,00020,Southern Cross Group USA LLC,5,0.00,0.00,0,0.00,0.00,0.00,0.00,0.00
932293,00021,"Carrco Painting Contractors, Inc.",5,"1,608,211.43",67.01,0,0.00,0.00,67.01,0.00,324.78
932293,00022,"Novel Builders, LLC",5,"1,437,897.82",59.91,0,0.00,0.00,59.91,0.00,284.97
932293,00023,"Everest Group, Inc.",5,0.00,0.00,0,0.00,0.00,0.00,0.00,0.00
932293,00024,"George/McKenna Electrical Contractors, Inc.",5,0.00,0.00,0,0.00,0.00,0.00,0.00,0.00
932293,00025,"TEPCOGLASS, LLC",5,0.00,0.00,0,0.00,0.00,0.00,0.00,144.38
932293,00026,"Striland Construction, Inc.",5,0.00,0.00,0,0.00,0.00,0.00,0.00,0.00
932293,00027,"PCL Insurance Agency, Inc.  dba PCL Contract Bonding Agency",5,"375,331.54",15.64,0,0.00,0.00,15.64,0.00,75.44
932293,00028,"Sedalco, Inc.",5,"8,320,908.44",346.70,0,0.00,0.00,346.70,0.00,"1,747.48"
932293,00029,"Rone Engineering Services, LTD",5,0.00,0.00,0,0.00,0.00,0.00,0.00,0.00
932293,00030,"Prism Electric, Inc.",5,0.00,0.00,0,0.00,0.00,0.00,0.00,0.00
932293,00031,"Roti, Inc.",5,0.06,0.00,0,0.00,0.00,0.00,0.00,418.05
932293,00032,"Electrical Talent, LLC",5,0.00,0.00,0,0.00,0.00,0.00,0.00,0.00
932293,00033,"Polk Mechanical Company, LLC",5,0.77,0.00,0,0.00,0.00,0.00,0.00,0.00
932293,00035,"Momentum Mechanical, Inc.",5,"820,327.35",34.18,0,0.00,0.00,34.18,0.00,164.60
932293,00036,"Sun Drywall, LLC",5,0.00,0.00,0,0.00,0.00,0.00,0.00,0.00
932293,00037,"Mogul Insurance Agency, LLC",5,"150,900.03",6.29,0,0.00,0.00,6.29,0.00,30.41
932293,00038,"TEXO ABC-AGC, Inc.",5,"1,845,190.76",76.88,0,0.00,0.00,76.88,0.00,373.62
932293,00039,Burleson Electric Inc.,5,"112,480.37",4.69,0,0.00,0.00,4.69,0.00,22.90
932293,00040,"Talley-Riggins Construction Group, LLC",5,"2,368,919.71",98.70,0,0.00,0.00,98.70,0.00,470.14
932293,00041,"Rudick Construction Group, Inc.",5,"1,156,629.30",48.19,0,0.00,0.00,48.19,0.00,220.48
932293,00042,AnchorBuilt Inc.,5,"223,449.42",9.31,0,0.00,0.00,9.31,0.00,43.80
932293,00043,NTO Commercial,5,0.00,0.00,0,0.00,0.00,0.00,0.00,0.00
932293,00044,"Prism Electric, Inc.",5,"16,361,176.13",681.72,0,0.00,0.00,681.72,0.00,"3,276.47"
932293,00045,"Bosworth Steel Erectors, LLC",5,"1,046,965.05",43.62,0,0.00,0.00,43.62,0.00,196.65
932293,00046,"Associated Builders and Contractors, Inc.- Greater Houston Chapter",5,"1,001,317.97",41.72,0,0.00,0.00,41.72,0.00,212.53
932293,00047,"Tietsort, LLC",5,0.00,0.00,0,0.00,0.00,0.00,0.00,0.27
932293,00048,1 Stone Solutions LLC,5,0.00,0.00,0,0.00,0.00,0.00,0.00,0.00
932293,00049,"Legacy Contractors, LLC",5,"71,520.63",2.98,0,0.00,0.00,2.98,0.00,14.23
932293,00050,SMR Construction,5,"286,226.42",11.93,0,0.00,0.00,11.93,0.00,55.70
932293,00051,"Talent Corporation, LLC",5,"426,942.72",17.79,0,0.00,0.00,17.79,0.00,80.85
932293,00052,"Ensley Benitez Law, PC",5,0.00,0.00,0,0.00,0.00,0.00,0.00,0.00
932293,00053,Geosyntek Holdings,5,0.00,0.00,0,0.00,0.00,0.00,0.00,0.00
932293,00054,"JRB Engineering, LLC",5,0.00,0.00,0,0.00,0.00,0.00,0.00,0.00
932293,00055,"GB Construction Group, LLC",5,0.00,0.00,0,0.00,0.00,0.00,0.00,18.85
932293,00056,Abstract Construction Co.,5,"1,084,864.02",45.20,0,"22,588.58",0.00,45.20,0.00,210.92
932293,00057,Woodhaus Inc.,5,"145,323.89",6.06,0,"11,299.55",0.00,6.06,0.00,23.85
932293,00058,Mountain Mover Facades,5,"340,400.34",14.18,0,"6,555.94",0.00,14.18,0.00,65.99
932293,00060,Rothberg Shurtleff Dang PLLC,5,"53,458.86",2.23,0,"5,532.00",0.00,2.23,0.00,8.57
932293,00061,"G.P. Cooper Industries, Inc. dba Cooper General Contractors",5,"1,470,472.89",61.27,0,"5,988.92",0.00,61.27,0.00,280.11
932293,00063,"Keeland and Company Painting, LLC",5,0.00,0.00,0,0.00,0.00,0.00,0.00,0.00
932293,00000,"TEXO ABC/AGC, Inc.",5,0.00,0.00,0,0.00,0.00,0.00,0.00,0.00
932293,00001,"TEXO ABC/AGC, Inc.",5,182.91,0.01,0,0.00,0.00,0.01,0.01,0.06
932293,00002,"Azteca Enterprises, Inc.",5,"3,935,991.17",164.00,0,0.00,0.00,164.00,164.00,954.49
932293,00003,"Drywall Interiors, LP",5,"1,028,888.77",42.87,0,0.00,0.00,42.87,42.87,251.40
932293,00004,"Griffith Davison, P.C.",5,"6,012,814.84",250.53,0,0.00,0.00,250.53,250.53,"1,499.39"
932293,00005,"C. D. Henderson Construction Group, LLC",5,"697,008.00",29.04,0,0.00,0.00,29.04,29.04,174.95
932293,00007,"Southwest Construction Services, Inc.",5,0.00,0.00,0,0.00,0.00,0.00,0.00,0.00
932293,00008,Rama Enterprises LLC,5,"135,932.23",5.66,0,0.00,0.00,5.66,5.66,34.37
932293,00009,Abstract Construction Co.,5,0.00,0.00,0,0.00,0.00,0.00,0.00,0.00
932293,00010,"Steele & Freeman, Inc.",5,"3,708,966.25",154.54,0,0.00,0.00,154.54,154.54,909.15
932293,00011,"Electrical Distributors, LLC",5,0.00,0.00,0,0.00,0.00,0.00,0.00,0.00
932293,00012,"Lasco Acoustics and Drywall, Inc.",5,"7,909,533.15",329.56,0,0.00,0.00,329.56,329.56,"1,964.12"
932293,00013,"Highland Builders, Inc.",5,"1,850,299.89",77.10,0,0.00,0.00,77.10,77.10,459.62
932293,00015,"RPM xConstruction, LLC",5,0.00,0.00,0,0.00,0.00,0.00,0.00,0.00
932293,00016,"Manning Concrete, Inc.",5,"1,114,946.76",46.46,0,0.00,0.00,46.46,46.46,254.69
932293,00017,Pecos Construction LLC,5,"1,095,765.30",45.66,0,0.00,0.00,45.66,45.66,266.81
932293,00018,"JMEG, LLC",5,"28,001,423.79","1,166.73",0,0.00,0.00,"1,166.73","1,166.73","6,794.02"
932293,00019,Burnco USA LLC,5,"18,089,849.21",753.74,0,0.00,0.00,753.74,753.74,"4,612.86"
932293,00020,Southern Cross Group USA LLC,5,0.00,0.00,0,0.00,0.00,0.00,0.00,0.00
932293,00021,"Carrco Painting Contractors, Inc.",5,"1,600,484.60",66.69,0,0.00,0.00,66.69,66.69,391.47
932293,00022,"Novel Builders, LLC",5,"1,415,105.25",58.96,0,0.00,0.00,58.96,58.96,343.93
932293,00023,"Everest Group, Inc.",5,0.00,0.00,0,0.00,0.00,0.00,0.00,0.00
932293,00024,"George/McKenna Electrical Contractors, Inc.",5,0.00,0.00,0,0.00,0.00,0.00,0.00,0.00
932293,00025,"TEPCOGLASS, LLC",5,0.00,0.00,0,0.00,0.00,0.00,0.00,144.38
932293,00026,"Striland Construction, Inc.",5,0.00,0.00,0,0.00,0.00,0.00,0.00,0.00
932293,00027,"PCL Insurance Agency, Inc.  dba PCL Contract Bonding Agency",5,"370,586.66",15.44,0,0.00,0.00,15.44,15.44,90.88
932293,00028,"Sedalco, Inc.",5,"8,210,911.82",342.12,0,0.00,0.00,342.12,342.12,"2,089.60"
932293,00029,"Rone Engineering Services, LTD",5,0.00,0.00,0,0.00,0.00,0.00,0.00,0.00
932293,00030,"Prism Electric, Inc.",5,0.00,0.00,0,0.00,0.00,0.00,0.00,0.00
932293,00031,"Roti, Inc.",5,0.00,0.00,0,0.00,0.00,0.00,0.00,418.05
932293,00032,"Electrical Talent, LLC",5,0.00,0.00,0,0.00,0.00,0.00,0.00,0.00
932293,00033,"Polk Mechanical Company, LLC",5,0.76,0.00,0,0.00,0.00,0.00,0.00,0.00
932293,00035,"Momentum Mechanical, Inc.",5,"811,786.50",33.82,0,0.00,0.00,33.82,33.82,198.42
932293,00036,"Sun Drywall, LLC",5,0.00,0.00,0,0.00,0.00,0.00,0.00,0.00
932293,00037,"Mogul Insurance Agency, LLC",5,"147,476.54",6.14,0,0.00,0.00,6.14,6.14,36.55
932293,00038,"TEXO ABC-AGC, Inc.",5,"1,831,544.64",76.31,0,0.00,0.00,76.31,76.31,449.93
932293,00039,Burleson Electric Inc.,5,"110,389.95",4.60,0,0.00,0.00,4.60,4.60,27.50
932293,00040,"Talley-Riggins Construction Group, LLC",5,"2,361,531.87",98.40,0,0.00,0.00,98.40,98.40,568.54
932293,00041,"Rudick Construction Group, Inc.",5,"1,167,915.27",48.66,0,0.00,0.00,48.66,48.66,269.14
932293,00042,AnchorBuilt Inc.,5,"219,628.43",9.15,0,0.00,0.00,9.15,9.15,52.95
932293,00043,NTO Commercial,5,0.00,0.00,0,0.00,0.00,0.00,0.00,0.00
932293,00044,"Prism Electric, Inc.",5,"16,016,630.89",667.36,0,0.00,0.00,667.36,667.36,"3,943.83"
932293,00045,"Bosworth Steel Erectors, LLC",5,"1,046,669.60",43.61,0,0.00,0.00,43.61,43.61,240.26
932293,00046,"Associated Builders and Contractors, Inc.- Greater Houston Chapter",5,"974,399.34",40.60,0,0.00,0.00,40.60,40.60,253.13
932293,00047,"Tietsort, LLC",5,0.00,0.00,0,0.00,0.00,0.00,0.00,0.27
932293,00048,1 Stone Solutions LLC,5,0.00,0.00,0,0.00,0.00,0.00,0.00,0.00
932293,00049,"Legacy Contractors, LLC",5,"70,749.02",2.95,0,0.00,0.00,2.95,2.95,17.18
932293,00050,SMR Construction,5,"286,454.11",11.94,0,0.00,0.00,11.94,11.94,67.64
932293,00051,"Talent Corporation, LLC",5,"432,034.00",18.00,0,0.00,0.00,18.00,18.00,98.85
932293,00052,"Ensley Benitez Law, PC",5,0.00,0.00,0,0.00,0.00,0.00,0.00,0.00
932293,00053,Geosyntek Holdings,5,0.00,0.00,0,0.00,0.00,0.00,0.00,0.00
932293,00054,"JRB Engineering, LLC",5,0.00,0.00,0,0.00,0.00,0.00,0.00,0.00
932293,00055,"GB Construction Group, LLC",5,0.00,0.00,0,0.00,0.00,0.00,0.00,18.85
932293,00056,Abstract Construction Co.,5,"1,078,537.54",44.94,0,"14,504.00",0.00,44.94,44.94,255.86
932293,00057,Woodhaus Inc.,5,"165,759.01",6.91,0,"22,974.20",0.00,6.91,6.91,30.76
932293,00058,Mountain Mover Facades,5,"339,914.01",14.16,0,"4,916.96",0.00,14.16,14.16,80.15
932293,00060,Rothberg Shurtleff Dang PLLC,5,"64,064.41",2.67,0,"11,886.49",0.00,2.67,2.67,11.24
932293,00061,"G.P. Cooper Industries, Inc. dba Cooper General Contractors",5,"1,444,039.62",60.17,0,"5,988.92",0.00,60.17,60.17,340.28
932293,00063,"Keeland and Company Painting, LLC",5,0.00,0.00,0,0.00,0.00,0.00,0.00,0.00
932293,00000,"TEXO ABC/AGC, Inc.",5,0.00,0.00,0,0.00,0.00,0.00,0.00,0.00
932293,00001,"TEXO ABC/AGC, Inc.",5,183.22,0.01,0,0.00,0.00,0.01,0.02,0.07
932293,00002,"Azteca Enterprises, Inc.",5,"4,018,773.91",167.45,0,0.00,0.00,167.45,331.45,"1,121.94"
932293,00003,"Drywall Interiors, LP",5,"1,058,740.81",44.11,0,0.00,0.00,44.11,86.98,295.51
932293,00004,"Griffith Davison, P.C.",5,"6,229,123.54",259.55,0,0.00,0.00,259.55,510.08,"1,758.94"
932293,00005,"C. D. Henderson Construction Group, LLC",5,"712,776.67",29.70,0,0.00,0.00,29.70,58.74,204.65
932293,00007,"Southwest Construction Services, Inc.",5,0.00,0.00,0,0.00,0.00,0.00,0.00,0.00
932293,00008,Rama Enterprises LLC,5,"140,446.41",5.85,0,0.00,0.00,5.85,11.51,40.22
932293,00009,Abstract Construction Co.,5,0.00,0.00,0,0.00,0.00,0.00,0.00,0.00
932293,00010,"Steele & Freeman, Inc.",5,"3,841,026.82",160.04,0,0.00,0.00,160.04,314.58,"1,069.19"
932293,00011,"Electrical Distributors, LLC",5,0.00,0.00,0,0.00,0.00,0.00,0.00,0.00
932293,00012,"Lasco Acoustics and Drywall, Inc.",5,"8,194,864.79",341.45,0,0.00,0.00,341.45,671.01,"2,305.57"
932293,00013,"Highland Builders, Inc.",5,"1,898,721.64",79.11,0,0.00,0.00,79.11,156.21,538.73
932293,00015,"RPM xConstruction, LLC",5,0.00,0.00,0,0.00,0.00,0.00,0.00,0.00
932293,00016,"Manning Concrete, Inc.",5,"1,155,426.54",48.14,0,0.00,0.00,48.14,94.60,302.83
932293,00017,Pecos Construction LLC,5,"1,113,861.61",46.41,0,0.00,0.00,46.41,92.07,313.22
932293,00018,"JMEG, LLC",5,"28,492,325.00","1,187.18",0,0.00,0.00,"1,187.18","2,353.91","7,981.20"
932293,00019,Burnco USA LLC,5,"18,428,550.55",767.86,0,0.00,0.00,767.86,"1,521.60","5,380.72"
932293,00020,Southern Cross Group USA LLC,5,0.00,0.00,0,0.00,0.00,0.00,0.00,0.00
932293,00021,"Carrco Painting Contractors, Inc.",5,"1,662,358.00",69.26,0,0.00,0.00,69.26,135.95,460.73
932293,00022,"Novel Builders, LLC",5,"1,520,135.85",63.34,0,0.00,0.00,63.34,122.30,407.27
932293,00023,"Everest Group, Inc.",5,0.00,0.00,0,0.00,0.00,0.00,0.00,0.00
932293,00024,"George/McKenna Electrical Contractors, Inc.",5,0.00,0.00,0,0.00,0.00,0.00,0.00,0.00
932293,00025,"TEPCOGLASS, LLC",5,0.00,0.00,0,0.00,0.00,0.00,0.00,144.38
932293,00026,"Striland Construction, Inc.",5,0.00,0.00,0,0.00,0.00,0.00,0.00,0.00
932293,00027,"PCL Insurance Agency, Inc.  dba PCL Contract Bonding Agency",5,"387,159.31",16.13,0,0.00,0.00,16.13,31.57,107.01
932293,00028,"Sedalco, Inc.",5,"8,647,581.82",360.32,0,0.00,0.00,360.32,702.44,"2,449.92"
932293,00029,"Rone Engineering Services, LTD",5,0.00,0.00,0,0.00,0.00,0.00,0.00,0.00
932293,00030,"Prism Electric, Inc.",5,0.00,0.00,0,0.00,0.00,0.00,0.00,0.00
932293,00031,"Roti, Inc.",5,0.00,0.00,0,0.00,0.00,0.00,0.00,418.05
932293,00032,"Electrical Talent, LLC",5,0.00,0.00,0,0.00,0.00,0.00,0.00,0.00
932293,00033,"Polk Mechanical Company, LLC",5,0.79,0.00,0,0.00,0.00,0.00,0.00,0.00
932293,00035,"Momentum Mechanical, Inc.",5,"830,151.46",34.59,0,0.00,0.00,34.59,68.41,233.01
932293,00036,"Sun Drywall, LLC",5,0.00,0.00,0,0.00,0.00,0.00,0.00,0.00
932293,00037,"Mogul Insurance Agency, LLC",5,"152,362.81",6.35,0,0.00,0.00,6.35,12.49,42.90
932293,00038,"TEXO ABC-AGC, Inc.",5,"1,881,759.54",78.41,0,0.00,0.00,78.41,154.72,528.34
932293,00039,Burleson Electric Inc.,5,"113,424.00",4.73,0,0.00,0.00,4.73,9.33,32.23
932293,00040,"Talley-Riggins Construction Group, LLC",5,"2,483,864.97",103.49,0,0.00,0.00,103.49,201.89,672.03
932293,00041,"Rudick Construction Group, Inc.",5,"1,262,505.12",52.60,0,0.00,0.00,52.60,101.26,321.74
932293,00042,AnchorBuilt Inc.,5,"224,885.13",9.37,0,0.00,0.00,9.37,18.52,62.32
932293,00043,NTO Commercial,5,0.00,0.00,0,0.00,0.00,0.00,0.00,0.00
932293,00044,"Prism Electric, Inc.",5,"16,712,612.59",696.36,0,0.00,0.00,696.36,"1,363.72","4,640.19"
932293,00045,"Bosworth Steel Erectors, LLC",5,"1,133,134.41",47.21,0,0.00,0.00,47.21,90.82,287.47
932293,00046,"Associated Builders and Contractors, Inc.- Greater Houston Chapter",5,"858,030.32",35.75,0,0.00,0.00,35.75,76.35,288.88
932293,00047,"Tietsort, LLC",5,0.00,0.00,0,0.00,0.00,0.00,0.00,0.27
932293,00048,1 Stone Solutions LLC,5,0.00,0.00,0,0.00,0.00,0.00,0.00,0.00
932293,00049,"Legacy Contractors, LLC",5,"73,231.26",3.05,0,0.00,0.00,3.05,6.00,20.23
932293,00050,SMR Construction,5,"297,794.17",12.41,0,0.00,0.00,12.41,24.35,80.05
932293,00051,"Talent Corporation, LLC",5,"452,763.00",18.87,0,0.00,0.00,18.87,36.87,117.72
932293,00052,"Ensley Benitez Law, PC",5,0.00,0.00,0,0.00,0.00,0.00,0.00,0.00
932293,00053,Geosyntek Holdings,5,0.00,0.00,0,0.00,0.00,0.00,0.00,0.00
932293,00054,"JRB Engineering, LLC",5,0.00,0.00,0,0.00,0.00,0.00,0.00,0.00
932293,00055,"GB Construction Group, LLC",5,0.00,0.00,0,0.00,0.00,0.00,0.00,18.85
932293,00056,Abstract Construction Co.,5,"1,193,013.20",49.71,0,0.00,0.00,49.71,94.65,305.57
932293,00057,Woodhaus Inc.,5,"183,375.23",7.64,0,"11,671.73",0.00,7.64,14.55,38.40
932293,00058,Mountain Mover Facades,5,"361,935.87",15.08,0,0.00,0.00,15.08,29.24,95.23
932293,00060,Rothberg Shurtleff Dang PLLC,5,"73,717.58",3.07,0,"7,058.66",0.00,3.07,5.74,14.31
932293,00061,"G.P. Cooper Industries, Inc. dba Cooper General Contractors",5,"1,469,468.87",61.23,0,"7,466.08",0.00,61.23,121.40,401.51
932293,00063,"Keeland and Company Painting, LLC",5,"10,599.30",0.44,0,"8,379.62",0.00,0.44,0.44,0.44
932293,00064,"Blackland Partners, LLC",5,0.00,0.00,0,0.00,0.00,0.00,0.00,0.00
932293,00065,"Tarrant Acquisition, LTD",5,"1,869.77",0.08,0,0.00,0.00,0.08,0.00,0.08
932293,00000,"TEXO ABC/AGC, Inc.",5,0.00,0.00,0,0.00,0.00,0.00,0.00,0.00
932293,00001,"TEXO ABC/AGC, Inc.",5,183.49,0.01,0,0.00,0.00,0.01,0.03,0.08
932293,00002,"Azteca Enterprises, Inc.",5,"3,501,784.09",145.91,0,0.00,0.00,145.91,477.36,"1,267.85"
932293,00003,"Drywall Interiors, LP",5,"1,015,029.09",42.29,0,0.00,0.00,42.29,129.27,337.80
932293,00004,"Griffith Davison, P.C.",5,"5,961,275.45",248.39,0,0.00,0.00,248.39,758.47,"2,007.33"
932293,00005,"C. D. Henderson Construction Group, LLC",5,"694,652.61",28.94,0,0.00,0.00,28.94,87.68,233.59
932293,00007,"Southwest Construction Services, Inc.",5,0.00,0.00,0,0.00,0.00,0.00,0.00,0.00
932293,00008,Rama Enterprises LLC,5,"130,507.91",5.44,0,0.00,0.00,5.44,16.95,45.66
932293,00009,Abstract Construction Co.,5,0.00,0.00,0,0.00,0.00,0.00,0.00,0.00
932293,00010,"Steele & Freeman, Inc.",5,"3,710,342.27",154.60,0,0.00,0.00,154.60,469.18,"1,223.79"
932293,00011,"Electrical Distributors, LLC",5,0.00,0.00,0,0.00,0.00,0.00,0.00,0.00
932293,00012,"Lasco Acoustics and Drywall, Inc.",5,"7,905,887.88",329.41,0,0.00,0.00,329.41,"1,000.42","2,634.98"
932293,00013,"Highland Builders, Inc.",5,"1,827,402.13",76.14,0,0.00,0.00,76.14,232.35,614.87
932293,00015,"RPM xConstruction, LLC",5,0.00,0.00,0,0.00,0.00,0.00,0.00,0.00
932293,00016,"Manning Concrete, Inc.",5,"1,063,548.58",44.31,0,0.00,0.00,44.31,138.91,347.14
932293,00017,Pecos Construction LLC,5,"1,092,719.19",45.53,0,0.00,0.00,45.53,137.60,358.75
932293,00018,"JMEG, LLC",5,"26,961,270.18","1,123.39",0,0.00,0.00,"1,123.39","3,477.30","9,104.59"
932293,00019,Burnco USA LLC,5,"17,509,071.85",729.54,0,0.00,0.00,729.54,"2,251.14","6,110.26"
932293,00020,Southern Cross Group USA LLC,5,0.00,0.00,0,0.00,0.00,0.00,0.00,0.00
932293,00021,"Carrco Painting Contractors, Inc.",5,"1,638,875.21",68.29,0,0.00,0.00,68.29,204.24,529.02
932293,00022,"Novel Builders, LLC",5,"1,465,693.25",61.07,0,0.00,0.00,61.07,183.37,468.34
932293,00023,"Everest Group, Inc.",5,0.00,0.00,0,0.00,0.00,0.00,0.00,0.00
932293,00024,"George/McKenna Electrical Contractors, Inc.",5,0.00,0.00,0,0.00,0.00,0.00,0.00,0.00
932293,00025,"TEPCOGLASS, LLC",5,0.00,0.00,0,0.00,0.00,0.00,0.00,144.38
932293,00026,"Striland Construction, Inc.",5,0.00,0.00,0,0.00,0.00,0.00,0.00,0.00
932293,00027,"PCL Insurance Agency, Inc.  dba PCL Contract Bonding Agency",5,"374,200.22",15.59,0,0.00,0.00,15.59,47.16,122.60
932293,00028,"Sedalco, Inc.",5,"8,229,317.06",342.89,0,0.00,0.00,342.89,"1,045.33","2,792.81"
932293,00029,"Rone Engineering Services, LTD",5,0.00,0.00,0,0.00,0.00,0.00,0.00,0.00
932293,00030,"Prism Electric, Inc.",5,0.00,0.00,0,0.00,0.00,0.00,0.00,0.00
932293,00031,"Roti, Inc.",5,0.00,0.00,0,0.00,0.00,0.00,0.00,418.05
932293,00032,"Electrical Talent, LLC",5,0.00,0.00,0,0.00,0.00,0.00,0.00,0.00
932293,00033,"Polk Mechanical Company, LLC",5,0.72,0.00,0,0.00,0.00,0.00,0.00,0.00
932293,00035,"Momentum Mechanical, Inc.",5,"901,147.96",37.55,0,0.00,0.00,37.55,105.96,270.56
932293,00036,"Sun Drywall, LLC",5,0.00,0.00,0,0.00,0.00,0.00,0.00,0.00
932293,00037,"Mogul Insurance Agency, LLC",5,"143,868.56",5.99,0,0.00,0.00,5.99,18.48,48.89
932293,00038,"TEXO ABC-AGC, Inc.",5,"1,833,917.64",76.41,0,0.00,0.00,76.41,231.13,604.75
932293,00039,Burleson Electric Inc.,5,"108,981.01",4.54,0,0.00,0.00,4.54,13.87,36.77
932293,00040,"Talley-Riggins Construction Group, LLC",5,"2,405,842.89",100.24,0,0.00,0.00,100.24,302.13,772.27
932293,00041,"Rudick Construction Group, Inc.",5,"1,216,541.40",50.69,0,0.00,0.00,50.69,151.95,372.43
932293,00042,AnchorBuilt Inc.,5,"216,846.01",9.04,0,0.00,0.00,9.04,27.56,71.36
932293,00043,NTO Commercial,5,0.00,0.00,0,0.00,0.00,0.00,0.00,0.00
932293,00044,"Prism Electric, Inc.",5,"16,582,913.19",690.95,0,0.00,0.00,690.95,"2,054.67","5,331.14"
932293,00045,"Bosworth Steel Erectors, LLC",5,"1,116,175.50",46.51,0,0.00,0.00,46.51,137.33,333.98
932293,00046,"Associated Builders and Contractors, Inc.- Greater Houston Chapter",5,"822,230.90",34.26,0,0.00,0.00,34.26,110.61,323.14
932293,00047,"Tietsort, LLC",5,0.00,0.00,0,0.00,0.00,0.00,0.00,0.27
932293,00048,1 Stone Solutions LLC,5,0.00,0.00,0,0.00,0.00,0.00,0.00,0.00
932293,00049,"Legacy Contractors, LLC",5,"70,569.08",2.94,0,0.00,0.00,2.94,8.94,23.17
932293,00050,SMR Construction,5,"287,733.69",11.99,0,0.00,0.00,11.99,36.34,92.04
932293,00051,"Talent Corporation, LLC",5,"428,312.49",17.85,0,0.00,0.00,17.85,54.72,135.57
932293,00052,"Ensley Benitez Law, PC",5,0.00,0.00,0,0.00,0.00,0.00,0.00,0.00
932293,00053,Geosyntek Holdings,5,0.00,0.00,0,0.00,0.00,0.00,0.00,0.00
932293,00054,"JRB Engineering, LLC",5,0.00,0.00,0,0.00,0.00,0.00,0.00,0.00
932293,00055,"GB Construction Group, LLC",5,0.00,0.00,0,0.00,0.00,0.00,0.00,18.85
932293,00056,Abstract Construction Co.,5,"1,137,823.70",47.41,0,0.00,0.00,47.41,142.06,352.98
932293,00057,Woodhaus Inc.,5,"196,828.98",8.20,0,0.00,0.00,8.20,22.75,46.60
932293,00058,Mountain Mover Facades,5,"351,021.63",14.63,0,0.00,0.00,14.63,43.87,109.86
932293,00060,Rothberg Shurtleff Dang PLLC,5,"104,067.80",4.34,0,"34,403.35",0.00,4.34,10.08,18.65
932293,00061,"G.P. Cooper Industries, Inc. dba Cooper General Contractors",5,"1,420,736.91",59.20,0,"5,672.80",0.00,59.20,180.60,460.71
932293,00063,"Keeland and Company Painting, LLC",5,"20,756.96",0.86,0,"11,046.62",0.00,0.86,1.30,1.30
932293,00064,"Blackland Partners, LLC",5,0.00,0.00,0,0.00,0.00,0.00,0.00,0.00
932293,00065,"Tarrant Acquisition, LTD",5,"15,215.68",0.63,0,"13,531.15",0.00,0.63,0.00,0.71
,,,,,,,,,,,
,,,,,,,,,,,
Total,,,,,"122,172.29",,,"104,562.84","226,735.13",,
,,,,,,,,,,,
1YTD and Cumulative fees may not include adjustments.,,,,,,,,,,,
2The 'Cumulative to date' column includes service fee income beginning January 2011 .,,,,,,,,,,,
"3Fees reflect check payments from  Transamerica Financial Life Insurance Company, Transamerica Life Insurance Company and Transamerica for NAV contracts",,,,,,,,,,,
"4The information provided on this report is being provided as a courtesy and is not intended to satisfy any disclosure or other legal requirements, including, but not limited to, any disclosures required under Sections 404(a) and 408(b)(2) of the Employee Retirement income Security Act of 1974, as amended. Although care has been taken in preparing this material and presenting it accurately, Transamerica disclaims any express or implied warranty as to the accuracy of any material contained herein and any liability with respect to it. ",,,,,,,,,,,
,,,,,,,,,,,
Confidential: For TPA Use Only,,,,,,,,,,,
