Total Fees by Contract,,,,,,,,,
"Executive Retirement Plans, LLC TPA(508420) ",,,,,,,,,
10/1/2023 - 9/30/2025,,,,,,,,,
,,,,,,,,,
Contract ID,Sub ID,Company Name,Fee Type,Total,,,,,
,,,,,,,,,
343399,00000,"Endurance Building Systems, Inc.",Transaction Fees,525.00,,,,,
343399,00000,"Endurance Building Systems, Inc.",Service Fee Income,452.81,,,,,
343399,00000,"Endurance Building Systems, Inc.",Special Incentive,0.00,,,,,
,,Subtotal for ALL Fees,,977.81,,,,,
,,,,,,,,,
343667,00000,"Julie R. VanHoose, DMD and Kyle Gies, DDS, PC",Transaction Fees,75.00,,,,,
343667,00000,"Julie R. VanHoose, DMD and Kyle Gies, DDS, PC",Service Fee Income,"8,198.99",,,,,
343667,00000,"Julie R. VanHoose, DMD and Kyle Gies, DDS, PC",Special Incentive,0.00,,,,,
,,Subtotal for ALL Fees,,"8,273.99",,,,,
,,,,,,,,,
343678,00000,Shapiro Bag Company,Transaction Fees,0.00,,,,,
343678,00000,Shapiro Bag Company,Service Fee Income,845.10,,,,,
343678,00000,Shapiro Bag Company,Special Incentive,0.00,,,,,
,,Subtotal for ALL Fees,,845.10,,,,,
,,,,,,,,,
343679,00000,"Icon Acquistions, LLC DBA Icon Sign Company",Transaction Fees,0.00,,,,,
343679,00000,"Icon Acquistions, LLC DBA Icon Sign Company",Service Fee Income,34.64,,,,,
343679,00000,"Icon Acquistions, LLC DBA Icon Sign Company",Special Incentive,0.00,,,,,
,,Subtotal for ALL Fees,,34.64,,,,,
,,,,,,,,,
343682,00000,SC Environmental Services,Transaction Fees,525.00,,,,,
343682,00000,SC Environmental Services,Service Fee Income,114.28,,,,,
343682,00000,SC Environmental Services,Special Incentive,0.00,,,,,
,,Subtotal for ALL Fees,,639.28,,,,,
,,,,,,,,,
514240,00000,"Lakewood Family Medicine, PLC",Transaction Fees,900.00,,,,,
514240,00000,"Lakewood Family Medicine, PLC",Service Fee Income,"27,966.30",,,,,
514240,00000,"Lakewood Family Medicine, PLC",Special Incentive,0.00,,,,,
,,Subtotal for ALL Fees,,"28,866.30",,,,,
,,,,,,,,,
514254,00000,Air Lift Company,Transaction Fees,"3,434.03",,,,,
514254,00000,Air Lift Company,Service Fee Income,"7,684.58",,,,,
514254,00000,Air Lift Company,Special Incentive,0.00,,,,,
,,Subtotal for ALL Fees,,"11,118.61",,,,,
,,,,,,,,,
514258,00000,"Nederveld, Inc.",Transaction Fees,"2,675.00",,,,,
514258,00000,"Nederveld, Inc.",Service Fee Income,"16,129.89",,,,,
514258,00000,"Nederveld, Inc.",Special Incentive,0.00,,,,,
,,Subtotal for ALL Fees,,"18,804.89",,,,,
,,,,,,,,,
514355,00000,"Centennial Securities Company, Inc.",Transaction Fees,"1,110.00",,,,,
514355,00000,"Centennial Securities Company, Inc.",Service Fee Income,"18,785.50",,,,,
514355,00000,"Centennial Securities Company, Inc.",Special Incentive,0.00,,,,,
,,Subtotal for ALL Fees,,"19,895.50",,,,,
,,,,,,,,,
514370,00000,Comprehensive Engineering PC,Transaction Fees,"2,240.10",,,,,
514370,00000,Comprehensive Engineering PC,Service Fee Income,"3,893.15",,,,,
514370,00000,Comprehensive Engineering PC,Special Incentive,0.00,,,,,
,,Subtotal for ALL Fees,,"6,133.25",,,,,
,,,,,,,,,
514462,00000,City of Lansing,Transaction Fees,"1,500.00",,,,,
514462,00000,City of Lansing,Service Fee Income,"17,376.64",,,,,
514462,00000,City of Lansing,Special Incentive,0.00,,,,,
,,Subtotal for ALL Fees,,"18,876.64",,,,,
,,,,,,,,,
514512,00000,"H & S Companies, P.C.",Transaction Fees,575.00,,,,,
514512,00000,"H & S Companies, P.C.",Service Fee Income,0.00,,,,,
514512,00000,"H & S Companies, P.C.",Special Incentive,0.00,,,,,
,,Subtotal for ALL Fees,,575.00,,,,,
,,,,,,,,,
514599,00000,Hill Machinery,Transaction Fees,880.00,,,,,
514599,00000,Hill Machinery,Service Fee Income,0.00,,,,,
514599,00000,Hill Machinery,Special Incentive,0.00,,,,,
,,Subtotal for ALL Fees,,880.00,,,,,
,,,,,,,,,
809008,00000,SYP Leasing LLC,Transaction Fees,200.00,,,,,
809008,00000,SYP Leasing LLC,Service Fee Income,0.00,,,,,
809008,00000,SYP Leasing LLC,Special Incentive,0.00,,,,,
,,Subtotal for ALL Fees,,200.00,,,,,
,,,,,,,,,
809124,00000,"American Classic Construction, Inc.",Transaction Fees,"2,075.00",,,,,
809124,00000,"American Classic Construction, Inc.",Service Fee Income,0.00,,,,,
809124,00000,"American Classic Construction, Inc.",Special Incentive,0.00,,,,,
,,Subtotal for ALL Fees,,"2,075.00",,,,,
,,,,,,,,,
809550,00000,Grandville Dental Health Center P.C.,Transaction Fees,300.00,,,,,
809550,00000,Grandville Dental Health Center P.C.,Service Fee Income,0.00,,,,,
809550,00000,Grandville Dental Health Center P.C.,Special Incentive,0.00,,,,,
,,Subtotal for ALL Fees,,300.00,,,,,
,,,,,,,,,
809956,00000,JNJ Restaurant Group LLC,Transaction Fees,100.00,,,,,
809956,00000,JNJ Restaurant Group LLC,Service Fee Income,21.91,,,,,
809956,00000,JNJ Restaurant Group LLC,Special Incentive,0.00,,,,,
,,Subtotal for ALL Fees,,121.91,,,,,
,,,,,,,,,
810349,00000,"Hi-Lites Graphics, Inc.",Transaction Fees,50.00,,,,,
810349,00000,"Hi-Lites Graphics, Inc.",Service Fee Income,0.00,,,,,
810349,00000,"Hi-Lites Graphics, Inc.",Special Incentive,0.00,,,,,
,,Subtotal for ALL Fees,,50.00,,,,,
,,,,,,,,,
810521,00000,"Anchor Real Estate of Hart, PC",Transaction Fees,0.00,,,,,
810521,00000,"Anchor Real Estate of Hart, PC",Service Fee Income,41.44,,,,,
810521,00000,"Anchor Real Estate of Hart, PC",Special Incentive,0.00,,,,,
,,Subtotal for ALL Fees,,41.44,,,,,
,,,,,,,,,
811372,00000,Meyering Insurance Agency,Transaction Fees,75.00,,,,,
811372,00000,Meyering Insurance Agency,Service Fee Income,"10,163.32",,,,,
811372,00000,Meyering Insurance Agency,Special Incentive,0.00,,,,,
,,Subtotal for ALL Fees,,"10,238.32",,,,,
,,,,,,,,,
811411,00000,"CFS Products, Inc.",Transaction Fees,"2,905.00",,,,,
811411,00000,"CFS Products, Inc.",Service Fee Income,"2,387.15",,,,,
811411,00000,"CFS Products, Inc.",Special Incentive,0.00,,,,,
,,Subtotal for ALL Fees,,"5,292.15",,,,,
,,,,,,,,,
811774,00000,Integris Solutions LLC,Transaction Fees,"3,938.45",,,,,
811774,00000,Integris Solutions LLC,Service Fee Income,"1,617.66",,,,,
811774,00000,Integris Solutions LLC,Special Incentive,0.00,,,,,
,,Subtotal for ALL Fees,,"5,556.11",,,,,
,,,,,,,,,
812175,00000,"Stellar Image Studios, LLC",Transaction Fees,0.00,,,,,
812175,00000,"Stellar Image Studios, LLC",Service Fee Income,1.12,,,,,
812175,00000,"Stellar Image Studios, LLC",Special Incentive,0.00,,,,,
,,Subtotal for ALL Fees,,1.12,,,,,
,,,,,,,,,
812307,00000,"Animal Clinic of Holland, PLLC",Transaction Fees,100.00,,,,,
812307,00000,"Animal Clinic of Holland, PLLC",Service Fee Income,"1,024.94",,,,,
812307,00000,"Animal Clinic of Holland, PLLC",Special Incentive,0.00,,,,,
,,Subtotal for ALL Fees,,"1,124.94",,,,,
,,,,,,,,,
812357,00000,Mayville State Bank,Transaction Fees,975.00,,,,,
812357,00000,Mayville State Bank,Service Fee Income,"2,404.91",,,,,
812357,00000,Mayville State Bank,Special Incentive,0.00,,,,,
,,Subtotal for ALL Fees,,"3,379.91",,,,,
,,,,,,,,,
812427,00000,"Retirement Living Mgmt., LLC",Transaction Fees,"1,575.00",,,,,
812427,00000,"Retirement Living Mgmt., LLC",Service Fee Income,"1,439.78",,,,,
812427,00000,"Retirement Living Mgmt., LLC",Special Incentive,0.00,,,,,
,,Subtotal for ALL Fees,,"3,014.78",,,,,
,,,,,,,,,
812539,00000,Parts And Screens dba Brown Manufacturing,Transaction Fees,450.00,,,,,
812539,00000,Parts And Screens dba Brown Manufacturing,Service Fee Income,"12,307.76",,,,,
812539,00000,Parts And Screens dba Brown Manufacturing,Special Incentive,0.00,,,,,
,,Subtotal for ALL Fees,,"12,757.76",,,,,
,,,,,,,,,
812623,00000,B&L Systems LLC dba Fifth Wheel Freight,Transaction Fees,"2,850.00",,,,,
812623,00000,B&L Systems LLC dba Fifth Wheel Freight,Service Fee Income,"9,046.73",,,,,
812623,00000,B&L Systems LLC dba Fifth Wheel Freight,Special Incentive,0.00,,,,,
,,Subtotal for ALL Fees,,"11,896.73",,,,,
,,,,,,,,,
812630,00000,"The Cottage Company of Harbor Springs, LLC",Transaction Fees,225.00,,,,,
812630,00000,"The Cottage Company of Harbor Springs, LLC",Service Fee Income,"2,156.30",,,,,
812630,00000,"The Cottage Company of Harbor Springs, LLC",Special Incentive,0.00,,,,,
,,Subtotal for ALL Fees,,"2,381.30",,,,,
,,,,,,,,,
812662,00000,"Wentworth Builders, Inc.",Transaction Fees,0.00,,,,,
812662,00000,"Wentworth Builders, Inc.",Service Fee Income,"4,759.36",,,,,
812662,00000,"Wentworth Builders, Inc.",Special Incentive,0.00,,,,,
,,Subtotal for ALL Fees,,"4,759.36",,,,,
,,,,,,,,,
812718,00000,Triangle Wellness & Recovery PLLC,Transaction Fees,75.00,,,,,
812718,00000,Triangle Wellness & Recovery PLLC,Service Fee Income,487.50,,,,,
812718,00000,Triangle Wellness & Recovery PLLC,Special Incentive,0.00,,,,,
,,Subtotal for ALL Fees,,562.50,,,,,
,,,,,,,,,
812831,00000,Waste Recovery Systems,Transaction Fees,75.00,,,,,
812831,00000,Waste Recovery Systems,Service Fee Income,"2,512.68",,,,,
812831,00000,Waste Recovery Systems,Special Incentive,0.00,,,,,
,,Subtotal for ALL Fees,,"2,587.68",,,,,
,,,,,,,,,
812833,00000,SES Environmental,Transaction Fees,375.00,,,,,
812833,00000,SES Environmental,Service Fee Income,657.38,,,,,
812833,00000,SES Environmental,Special Incentive,0.00,,,,,
,,Subtotal for ALL Fees,,"1,032.38",,,,,
,,,,,,,,,
812930,00000,Cadillac Coffee Company,Transaction Fees,"2,762.87",,,,,
812930,00000,Cadillac Coffee Company,Service Fee Income,"1,402.51",,,,,
812930,00000,Cadillac Coffee Company,Special Incentive,0.00,,,,,
,,Subtotal for ALL Fees,,"4,165.38",,,,,
,,,,,,,,,
812984,00000,"Country Life Natural Foods, Inc.",Transaction Fees,300.00,,,,,
812984,00000,"Country Life Natural Foods, Inc.",Service Fee Income,522.99,,,,,
812984,00000,"Country Life Natural Foods, Inc.",Special Incentive,0.00,,,,,
,,Subtotal for ALL Fees,,822.99,,,,,
,,,,,,,,,
813002,00000,RCD Demolition,Transaction Fees,650.00,,,,,
813002,00000,RCD Demolition,Service Fee Income,406.60,,,,,
813002,00000,RCD Demolition,Special Incentive,0.00,,,,,
,,Subtotal for ALL Fees,,"1,056.60",,,,,
,,,,,,,,,
813016,00000,"Kevin C Cooper, DDS PC",Transaction Fees,450.00,,,,,
813016,00000,"Kevin C Cooper, DDS PC",Service Fee Income,"1,809.68",,,,,
813016,00000,"Kevin C Cooper, DDS PC",Special Incentive,0.00,,,,,
,,Subtotal for ALL Fees,,"2,259.68",,,,,
,,,,,,,,,
813045,00000,"Mitchell Graphics, Inc.",Transaction Fees,200.00,,,,,
813045,00000,"Mitchell Graphics, Inc.",Service Fee Income,"5,319.11",,,,,
813045,00000,"Mitchell Graphics, Inc.",Special Incentive,0.00,,,,,
,,Subtotal for ALL Fees,,"5,519.11",,,,,
,,,,,,,,,
813052,00000,"Glennwood Custom Builders, Inc",Transaction Fees,75.00,,,,,
813052,00000,"Glennwood Custom Builders, Inc",Service Fee Income,207.47,,,,,
813052,00000,"Glennwood Custom Builders, Inc",Special Incentive,0.00,,,,,
,,Subtotal for ALL Fees,,282.47,,,,,
,,,,,,,,,
813086,00000,Faithful Companion Memorials Inc,Transaction Fees,"9,321.05",,,,,
813086,00000,Faithful Companion Memorials Inc,Service Fee Income,"6,619.08",,,,,
813086,00000,Faithful Companion Memorials Inc,Special Incentive,0.00,,,,,
,,Subtotal for ALL Fees,,"15,940.13",,,,,
,,,,,,,,,
813087,00000,"DevelopMeant Therapy Center, LLC",Transaction Fees,0.00,,,,,
813087,00000,"DevelopMeant Therapy Center, LLC",Service Fee Income,86.67,,,,,
813087,00000,"DevelopMeant Therapy Center, LLC",Special Incentive,0.00,,,,,
,,Subtotal for ALL Fees,,86.67,,,,,
,,,,,,,,,
813118,00000,"Justin J. Hollander, D.O., P.C.",Transaction Fees,75.00,,,,,
813118,00000,"Justin J. Hollander, D.O., P.C.",Service Fee Income,"3,194.95",,,,,
813118,00000,"Justin J. Hollander, D.O., P.C.",Special Incentive,0.00,,,,,
,,Subtotal for ALL Fees,,"3,269.95",,,,,
,,,,,,,,,
813177,00000,"TruNorth Landscaping, LLC",Transaction Fees,0.00,,,,,
813177,00000,"TruNorth Landscaping, LLC",Service Fee Income,"1,356.40",,,,,
813177,00000,"TruNorth Landscaping, LLC",Special Incentive,0.00,,,,,
,,Subtotal for ALL Fees,,"1,356.40",,,,,
,,,,,,,,,
813180,00000,"Boggiano & Associates, LLC",Transaction Fees,0.00,,,,,
813180,00000,"Boggiano & Associates, LLC",Service Fee Income,27.26,,,,,
813180,00000,"Boggiano & Associates, LLC",Special Incentive,0.00,,,,,
,,Subtotal for ALL Fees,,27.26,,,,,
,,,,,,,,,
813188,00000,Cottage Company Interiors,Transaction Fees,150.00,,,,,
813188,00000,Cottage Company Interiors,Service Fee Income,451.43,,,,,
813188,00000,Cottage Company Interiors,Special Incentive,0.00,,,,,
,,Subtotal for ALL Fees,,601.43,,,,,
,,,,,,,,,
813189,00000,"Leppink's, Inc.",Transaction Fees,"1,300.00",,,,,
813189,00000,"Leppink's, Inc.",Service Fee Income,"14,631.27",,,,,
813189,00000,"Leppink's, Inc.",Special Incentive,0.00,,,,,
,,Subtotal for ALL Fees,,"15,931.27",,,,,
,,,,,,,,,
813272,00000,"QT9 Software, Inc",Transaction Fees,125.00,,,,,
813272,00000,"QT9 Software, Inc",Service Fee Income,0.00,,,,,
813272,00000,"QT9 Software, Inc",Special Incentive,0.00,,,,,
,,Subtotal for ALL Fees,,125.00,,,,,
,,,,,,,,,
932293,00001,"TEXO ABC/AGC, Inc.",Transaction Fees,0.00,,,,,
932293,00001,"TEXO ABC/AGC, Inc.",Service Fee Income,0.08,,,,,
932293,00001,"TEXO ABC/AGC, Inc.",Special Incentive,0.00,,,,,
,,Subtotal for ALL Fees,,0.08,,,,,
,,,,,,,,,
932293,00002,"Azteca Enterprises, Inc.",Transaction Fees,"16,960.22",,,,,
932293,00002,"Azteca Enterprises, Inc.",Service Fee Income,"1,267.85",,,,,
932293,00002,"Azteca Enterprises, Inc.",Special Incentive,0.00,,,,,
,,Subtotal for ALL Fees,,"18,228.07",,,,,
,,,,,,,,,
932293,00003,"Drywall Interiors, LP",Transaction Fees,659.76,,,,,
932293,00003,"Drywall Interiors, LP",Service Fee Income,337.80,,,,,
932293,00003,"Drywall Interiors, LP",Special Incentive,0.00,,,,,
,,Subtotal for ALL Fees,,997.56,,,,,
,,,,,,,,,
932293,00004,"Griffith Davison, P.C.",Transaction Fees,"1,325.00",,,,,
932293,00004,"Griffith Davison, P.C.",Service Fee Income,"2,007.33",,,,,
932293,00004,"Griffith Davison, P.C.",Special Incentive,0.00,,,,,
,,Subtotal for ALL Fees,,"3,332.33",,,,,
,,,,,,,,,
932293,00005,"C. D. Henderson Construction Group, LLC",Transaction Fees,0.00,,,,,
932293,00005,"C. D. Henderson Construction Group, LLC",Service Fee Income,233.59,,,,,
932293,00005,"C. D. Henderson Construction Group, LLC",Special Incentive,0.00,,,,,
,,Subtotal for ALL Fees,,233.59,,,,,
,,,,,,,,,
932293,00007,"Southwest Construction Services, Inc.",Transaction Fees,"1,600.00",,,,,
932293,00007,"Southwest Construction Services, Inc.",Service Fee Income,0.00,,,,,
932293,00007,"Southwest Construction Services, Inc.",Special Incentive,0.00,,,,,
,,Subtotal for ALL Fees,,"1,600.00",,,,,
,,,,,,,,,
932293,00008,Rama Enterprises LLC,Transaction Fees,"2,993.48",,,,,
932293,00008,Rama Enterprises LLC,Service Fee Income,45.66,,,,,
932293,00008,Rama Enterprises LLC,Special Incentive,0.00,,,,,
,,Subtotal for ALL Fees,,"3,039.14",,,,,
,,,,,,,,,
932293,00010,"Steele & Freeman, Inc.",Transaction Fees,"2,400.00",,,,,
932293,00010,"Steele & Freeman, Inc.",Service Fee Income,"1,223.79",,,,,
932293,00010,"Steele & Freeman, Inc.",Special Incentive,0.00,,,,,
,,Subtotal for ALL Fees,,"3,623.79",,,,,
,,,,,,,,,
932293,00012,"Lasco Acoustics and Drywall, Inc.",Transaction Fees,"6,055.03",,,,,
932293,00012,"Lasco Acoustics and Drywall, Inc.",Service Fee Income,"2,634.98",,,,,
932293,00012,"Lasco Acoustics and Drywall, Inc.",Special Incentive,0.00,,,,,
,,Subtotal for ALL Fees,,"8,690.01",,,,,
,,,,,,,,,
932293,00013,"Highland Builders, Inc.",Transaction Fees,"2,075.00",,,,,
932293,00013,"Highland Builders, Inc.",Service Fee Income,614.87,,,,,
932293,00013,"Highland Builders, Inc.",Special Incentive,0.00,,,,,
,,Subtotal for ALL Fees,,"2,689.87",,,,,
,,,,,,,,,
932293,00016,"Manning Concrete, Inc.",Transaction Fees,350.00,,,,,
932293,00016,"Manning Concrete, Inc.",Service Fee Income,347.14,,,,,
932293,00016,"Manning Concrete, Inc.",Special Incentive,0.00,,,,,
,,Subtotal for ALL Fees,,697.14,,,,,
,,,,,,,,,
932293,00017,Pecos Construction LLC,Transaction Fees,600.00,,,,,
932293,00017,Pecos Construction LLC,Service Fee Income,358.75,,,,,
932293,00017,Pecos Construction LLC,Special Incentive,0.00,,,,,
,,Subtotal for ALL Fees,,958.75,,,,,
,,,,,,,,,
932293,00018,"JMEG, LLC",Transaction Fees,"39,033.75",,,,,
932293,00018,"JMEG, LLC",Service Fee Income,"9,104.59",,,,,
932293,00018,"JMEG, LLC",Special Incentive,0.00,,,,,
,,Subtotal for ALL Fees,,"48,138.34",,,,,
,,,,,,,,,
932293,00019,Burnco USA LLC,Transaction Fees,"52,677.08",,,,,
932293,00019,Burnco USA LLC,Service Fee Income,"6,110.26",,,,,
932293,00019,Burnco USA LLC,Special Incentive,0.00,,,,,
,,Subtotal for ALL Fees,,"58,787.34",,,,,
,,,,,,,,,
932293,00021,"Carrco Painting Contractors, Inc.",Transaction Fees,"1,875.00",,,,,
932293,00021,"Carrco Painting Contractors, Inc.",Service Fee Income,529.02,,,,,
932293,00021,"Carrco Painting Contractors, Inc.",Special Incentive,0.00,,,,,
,,Subtotal for ALL Fees,,"2,404.02",,,,,
,,,,,,,,,
932293,00022,"Novel Builders, LLC",Transaction Fees,875.00,,,,,
932293,00022,"Novel Builders, LLC",Service Fee Income,468.34,,,,,
932293,00022,"Novel Builders, LLC",Special Incentive,0.00,,,,,
,,Subtotal for ALL Fees,,"1,343.34",,,,,
,,,,,,,,,
932293,00024,"George/McKenna Electrical Contractors, Inc.",Transaction Fees,800.00,,,,,
932293,00024,"George/McKenna Electrical Contractors, Inc.",Service Fee Income,0.00,,,,,
932293,00024,"George/McKenna Electrical Contractors, Inc.",Special Incentive,0.00,,,,,
,,Subtotal for ALL Fees,,800.00,,,,,
,,,,,,,,,
932293,00025,"TEPCOGLASS, LLC",Transaction Fees,"4,845.15",,,,,
932293,00025,"TEPCOGLASS, LLC",Service Fee Income,144.38,,,,,
932293,00025,"TEPCOGLASS, LLC",Special Incentive,0.00,,,,,
,,Subtotal for ALL Fees,,"4,989.53",,,,,
,,,,,,,,,
932293,00027,"PCL Insurance Agency, Inc.  dba PCL Contract Bonding Agency",Transaction Fees,0.00,,,,,
932293,00027,"PCL Insurance Agency, Inc.  dba PCL Contract Bonding Agency",Service Fee Income,122.60,,,,,
932293,00027,"PCL Insurance Agency, Inc.  dba PCL Contract Bonding Agency",Special Incentive,0.00,,,,,
,,Subtotal for ALL Fees,,122.60,,,,,
,,,,,,,,,
932293,00028,"Sedalco, Inc.",Transaction Fees,"2,725.00",,,,,
932293,00028,"Sedalco, Inc.",Service Fee Income,"2,792.81",,,,,
932293,00028,"Sedalco, Inc.",Special Incentive,0.00,,,,,
,,Subtotal for ALL Fees,,"5,517.81",,,,,
,,,,,,,,,
932293,00029,"RONE ENGINEERING SERVICES, LTD",Transaction Fees,"3,064.96",,,,,
932293,00029,"RONE ENGINEERING SERVICES, LTD",Service Fee Income,0.00,,,,,
932293,00029,"RONE ENGINEERING SERVICES, LTD",Special Incentive,0.00,,,,,
,,Subtotal for ALL Fees,,"3,064.96",,,,,
,,,,,,,,,
932293,00030,"Prism Electric, Inc.",Transaction Fees,"3,300.00",,,,,
932293,00030,"Prism Electric, Inc.",Service Fee Income,0.00,,,,,
932293,00030,"Prism Electric, Inc.",Special Incentive,0.00,,,,,
,,Subtotal for ALL Fees,,"3,300.00",,,,,
,,,,,,,,,
932293,00031,"ROTI, INC.",Transaction Fees,"4,146.52",,,,,
932293,00031,"ROTI, INC.",Service Fee Income,418.05,,,,,
932293,00031,"ROTI, INC.",Special Incentive,0.00,,,,,
,,Subtotal for ALL Fees,,"4,564.57",,,,,
,,,,,,,,,
932293,00033,"Polk Mechanical Company, LLC",Transaction Fees,"13,800.00",,,,,
932293,00033,"Polk Mechanical Company, LLC",Service Fee Income,0.00,,,,,
932293,00033,"Polk Mechanical Company, LLC",Special Incentive,0.00,,,,,
,,Subtotal for ALL Fees,,"13,800.00",,,,,
,,,,,,,,,
932293,00035,"Momentum Mechanical, Inc.",Transaction Fees,"2,116.94",,,,,
932293,00035,"Momentum Mechanical, Inc.",Service Fee Income,270.56,,,,,
932293,00035,"Momentum Mechanical, Inc.",Special Incentive,0.00,,,,,
,,Subtotal for ALL Fees,,"2,387.50",,,,,
,,,,,,,,,
932293,00037,"Mogul Insurance Agency, LLC",Transaction Fees,450.00,,,,,
932293,00037,"Mogul Insurance Agency, LLC",Service Fee Income,48.89,,,,,
932293,00037,"Mogul Insurance Agency, LLC",Special Incentive,0.00,,,,,
,,Subtotal for ALL Fees,,498.89,,,,,
,,,,,,,,,
932293,00038,"TEXO ABC-AGC, Inc.",Transaction Fees,"1,250.00",,,,,
932293,00038,"TEXO ABC-AGC, Inc.",Service Fee Income,604.75,,,,,
932293,00038,"TEXO ABC-AGC, Inc.",Special Incentive,0.00,,,,,
,,Subtotal for ALL Fees,,"1,854.75",,,,,
,,,,,,,,,
932293,00039,Burleson Electric Inc.,Transaction Fees,0.00,,,,,
932293,00039,Burleson Electric Inc.,Service Fee Income,36.77,,,,,
932293,00039,Burleson Electric Inc.,Special Incentive,0.00,,,,,
,,Subtotal for ALL Fees,,36.77,,,,,
,,,,,,,,,
932293,00040,"Talley-Riggins Construction Group, LLC",Transaction Fees,"2,488.12",,,,,
932293,00040,"Talley-Riggins Construction Group, LLC",Service Fee Income,772.27,,,,,
932293,00040,"Talley-Riggins Construction Group, LLC",Special Incentive,0.00,,,,,
,,Subtotal for ALL Fees,,"3,260.39",,,,,
,,,,,,,,,
932293,00041,"Rudick Construction Group, Inc.",Transaction Fees,"2,175.00",,,,,
932293,00041,"Rudick Construction Group, Inc.",Service Fee Income,372.43,,,,,
932293,00041,"Rudick Construction Group, Inc.",Special Incentive,0.00,,,,,
,,Subtotal for ALL Fees,,"2,547.43",,,,,
,,,,,,,,,
932293,00042,AnchorBuilt Inc.,Transaction Fees,500.00,,,,,
932293,00042,AnchorBuilt Inc.,Service Fee Income,71.36,,,,,
932293,00042,AnchorBuilt Inc.,Special Incentive,0.00,,,,,
,,Subtotal for ALL Fees,,571.36,,,,,
,,,,,,,,,
932293,00044,"Prism Electric, Inc.",Transaction Fees,"22,599.32",,,,,
932293,00044,"Prism Electric, Inc.",Service Fee Income,"5,331.14",,,,,
932293,00044,"Prism Electric, Inc.",Special Incentive,0.00,,,,,
,,Subtotal for ALL Fees,,"27,930.46",,,,,
,,,,,,,,,
932293,00045,"Bosworth Steel Erectors, LLC",Transaction Fees,650.00,,,,,
932293,00045,"Bosworth Steel Erectors, LLC",Service Fee Income,333.98,,,,,
932293,00045,"Bosworth Steel Erectors, LLC",Special Incentive,0.00,,,,,
,,Subtotal for ALL Fees,,983.98,,,,,
,,,,,,,,,
932293,00046,"Associated Builders and Contractors, Inc.- Greater Houston Chapter",Transaction Fees,"1,441.96",,,,,
932293,00046,"Associated Builders and Contractors, Inc.- Greater Houston Chapter",Service Fee Income,323.14,,,,,
932293,00046,"Associated Builders and Contractors, Inc.- Greater Houston Chapter",Special Incentive,0.00,,,,,
,,Subtotal for ALL Fees,,"1,765.10",,,,,
,,,,,,,,,
932293,00047,"TIETSORT, LLC",Transaction Fees,100.00,,,,,
932293,00047,"TIETSORT, LLC",Service Fee Income,0.27,,,,,
932293,00047,"TIETSORT, LLC",Special Incentive,0.00,,,,,
,,Subtotal for ALL Fees,,100.27,,,,,
,,,,,,,,,
932293,00049,"Legacy Contractors, LLC",Transaction Fees,275.00,,,,,
932293,00049,"Legacy Contractors, LLC",Service Fee Income,23.17,,,,,
932293,00049,"Legacy Contractors, LLC",Special Incentive,0.00,,,,,
,,Subtotal for ALL Fees,,298.17,,,,,
,,,,,,,,,
932293,00050,SMR Construction,Transaction Fees,100.00,,,,,
932293,00050,SMR Construction,Service Fee Income,92.04,,,,,
932293,00050,SMR Construction,Special Incentive,0.00,,,,,
,,Subtotal for ALL Fees,,192.04,,,,,
,,,,,,,,,
932293,00051,"Talent Corporation, LLC",Transaction Fees,"1,501.77",,,,,
932293,00051,"Talent Corporation, LLC",Service Fee Income,135.57,,,,,
932293,00051,"Talent Corporation, LLC",Special Incentive,0.00,,,,,
,,Subtotal for ALL Fees,,"1,637.34",,,,,
,,,,,,,,,
932293,00055,"GB CONSTRUCTION GROUP, LLC",Transaction Fees,"1,100.00",,,,,
932293,00055,"GB CONSTRUCTION GROUP, LLC",Service Fee Income,18.85,,,,,
932293,00055,"GB CONSTRUCTION GROUP, LLC",Special Incentive,0.00,,,,,
,,Subtotal for ALL Fees,,"1,118.85",,,,,
,,,,,,,,,
932293,00056,Abstract Construction Co.,Transaction Fees,540.38,,,,,
932293,00056,Abstract Construction Co.,Service Fee Income,352.98,,,,,
932293,00056,Abstract Construction Co.,Special Incentive,0.00,,,,,
,,Subtotal for ALL Fees,,893.36,,,,,
,,,,,,,,,
932293,00057,Woodhaus Inc.,Transaction Fees,275.00,,,,,
932293,00057,Woodhaus Inc.,Service Fee Income,46.60,,,,,
932293,00057,Woodhaus Inc.,Special Incentive,0.00,,,,,
,,Subtotal for ALL Fees,,321.60,,,,,
,,,,,,,,,
932293,00058,Mountain Mover Facades,Transaction Fees,75.00,,,,,
932293,00058,Mountain Mover Facades,Service Fee Income,109.86,,,,,
932293,00058,Mountain Mover Facades,Special Incentive,0.00,,,,,
,,Subtotal for ALL Fees,,184.86,,,,,
,,,,,,,,,
932293,00060,Rothberg Shurtleff Dang PLLC,Transaction Fees,0.00,,,,,
932293,00060,Rothberg Shurtleff Dang PLLC,Service Fee Income,18.65,,,,,
932293,00060,Rothberg Shurtleff Dang PLLC,Special Incentive,0.00,,,,,
,,Subtotal for ALL Fees,,18.65,,,,,
,,,,,,,,,
932293,00061,"G.P. Cooper Industries, Inc. dba Cooper General Contractors",Transaction Fees,389.45,,,,,
932293,00061,"G.P. Cooper Industries, Inc. dba Cooper General Contractors",Service Fee Income,460.71,,,,,
932293,00061,"G.P. Cooper Industries, Inc. dba Cooper General Contractors",Special Incentive,0.00,,,,,
,,Subtotal for ALL Fees,,850.16,,,,,
,,,,,,,,,
932293,00063,"Keeland and Company Painting, LLC",Transaction Fees,500.00,,,,,
932293,00063,"Keeland and Company Painting, LLC",Service Fee Income,1.30,,,,,
932293,00063,"Keeland and Company Painting, LLC",Special Incentive,0.00,,,,,
,,Subtotal for ALL Fees,,501.30,,,,,
,,,,,,,,,
932293,00064,"Blackland Partners, LLC",Transaction Fees,"4,813.43",,,,,
932293,00064,"Blackland Partners, LLC",Service Fee Income,0.00,,,,,
932293,00064,"Blackland Partners, LLC",Special Incentive,0.00,,,,,
,,Subtotal for ALL Fees,,"4,813.43",,,,,
,,,,,,,,,
932293,00065,"Tarrant Acquisition, LTD",Transaction Fees,0.00,,,,,
932293,00065,"Tarrant Acquisition, LTD",Service Fee Income,0.71,,,,,
932293,00065,"Tarrant Acquisition, LTD",Special Incentive,0.00,,,,,
,,Subtotal for ALL Fees,,0.71,,,,,
,,,,,,,,,
935081,00002,"K-Market, Inc. dba Khoury's Marketplace",Transaction Fees,"1,063.92",,,,,
935081,00002,"K-Market, Inc. dba Khoury's Marketplace",Service Fee Income,0.00,,,,,
935081,00002,"K-Market, Inc. dba Khoury's Marketplace",Special Incentive,0.00,,,,,
,,Subtotal for ALL Fees,,"1,063.92",,,,,
,,,,,,,,,
935081,00003,Benedict Trading Company,Transaction Fees,85.00,,,,,
935081,00003,Benedict Trading Company,Service Fee Income,0.00,,,,,
935081,00003,Benedict Trading Company,Special Incentive,0.00,,,,,
,,Subtotal for ALL Fees,,85.00,,,,,
,,,,,,,,,
935081,00004,"Peterson Market, LLC",Transaction Fees,"3,176.30",,,,,
935081,00004,"Peterson Market, LLC",Service Fee Income,0.00,,,,,
935081,00004,"Peterson Market, LLC",Special Incentive,0.00,,,,,
,,Subtotal for ALL Fees,,"3,176.30",,,,,
,,,,,,,,,
935081,00005,Stackhouse LLC dba Panaca Market,Transaction Fees,20.77,,,,,
935081,00005,Stackhouse LLC dba Panaca Market,Service Fee Income,0.00,,,,,
935081,00005,Stackhouse LLC dba Panaca Market,Special Incentive,0.00,,,,,
,,Subtotal for ALL Fees,,20.77,,,,,
,,,,,,,,,
935081,00010,"Broulim's Supermarkets, Inc.",Transaction Fees,"3,763.22",,,,,
935081,00010,"Broulim's Supermarkets, Inc.",Service Fee Income,0.00,,,,,
935081,00010,"Broulim's Supermarkets, Inc.",Special Incentive,0.00,,,,,
,,Subtotal for ALL Fees,,"3,763.22",,,,,
,,,,,,,,,
935081,00012,Park City Market Inc.,Transaction Fees,85.00,,,,,
935081,00012,Park City Market Inc.,Service Fee Income,0.00,,,,,
935081,00012,Park City Market Inc.,Special Incentive,0.00,,,,,
,,Subtotal for ALL Fees,,85.00,,,,,
,,,,,,,,,
935081,00013,"G&G Merc, Inc.  DBA Garden Valley Market",Transaction Fees,254.93,,,,,
935081,00013,"G&G Merc, Inc.  DBA Garden Valley Market",Service Fee Income,0.00,,,,,
935081,00013,"G&G Merc, Inc.  DBA Garden Valley Market",Special Incentive,0.00,,,,,
,,Subtotal for ALL Fees,,254.93,,,,,
,,,,,,,,,
935081,00015,"National Product Sales, Inc.",Transaction Fees,"3,764.97",,,,,
935081,00015,"National Product Sales, Inc.",Service Fee Income,0.00,,,,,
935081,00015,"National Product Sales, Inc.",Special Incentive,0.00,,,,,
,,Subtotal for ALL Fees,,"3,764.97",,,,,
,,,,,,,,,
935081,00016,"Digby's Market, LLC",Transaction Fees,965.21,,,,,
935081,00016,"Digby's Market, LLC",Service Fee Income,0.00,,,,,
935081,00016,"Digby's Market, LLC",Special Incentive,0.00,,,,,
,,Subtotal for ALL Fees,,965.21,,,,,
,,,,,,,,,
,,Grand Total for All Transaction Fees,,"264,873.14",,,,,
,,Grand Total for All Service Fee Income,,"226,735.13",,,,,
,,Grand Total for All Special Incentive,,0.00,,,,,
,,Grand Total for All Payments,,"491,608.27",,,,,
,,,,,,,,,
,,,,,,,,,
,,,,,,,,,
"The information provided on this report is being provided as a courtesy and is not intended to satisfy any disclosure or other legal requirements, including, but not limited to, any disclosures required under Sections 404(a) and 408(b)(2) of the Employee Retirement income Security Act of 1974, as amended. Although care has been taken in preparing this material and presenting it accurately, Transamerica disclaims any express or implied warranty as to the accuracy of any material contained herein and any liability with respect to it. ",,,,,,,,,
,,,,,,,,,
Confidential: For TPA Use Only,,,,,,,,,
,,,,,,,,,
,,,,,,,,,
